/usr/bin/symcryptrun|125984|0.3968|0.0000|0.0000
/usr/bin/grub-mkrelpath|245328|0.3988|0.0000|0.0000
/usr/bin/debian-distro-info|23440|0.5744|0.0000|0.0000
/usr/bin/mk_modmap|16163|0.6388|0.1000|0.0000
/usr/bin/w.procps|22760|0.2192|0.0000|0.0000
/usr/bin/sg_sat_phy_event|19304|0.5642|0.0000|0.0000
/usr/bin/dpkg-split|125424|0.3523|0.0000|0.0000
/usr/bin/x86_64-linux-gnu-objdump|402256|0.4076|0.0000|0.0000
/usr/bin/ssh-argv0|1455|0.6595|0.1000|0.0000
/usr/bin/sg_bg_ctl|14696|0.4229|0.0000|0.0000
/usr/bin/sdiff|51296|0.3276|0.0000|0.0000
/usr/bin/hwe-support-status|10830|0.5942|0.0000|0.0000
/usr/bin/sg_verify|19176|0.5672|0.0000|0.0000
/usr/bin/dpkg-trigger|84472|0.3300|0.0000|0.0000
/usr/bin/sg_emc_trespass|14488|0.3174|0.0000|0.0000
/usr/bin/users|39256|0.2679|0.0000|0.0000
/usr/bin/red|89|0.5841|0.1000|0.0000
/usr/bin/ucfq|19367|0.6215|0.0000|0.0000
/usr/bin/cloud-init|394|0.6479|0.0000|0.0000
/usr/bin/sha1sum|51576|0.2884|0.0000|0.0000
/usr/bin/networkctl|76008|0.4014|0.0000|0.0000
/usr/bin/lsipc|96488|0.3883|0.0000|0.0000
/usr/bin/sbsign|59952|0.3614|0.0000|0.0000
/usr/bin/enc2xs|42111|0.6332|0.0000|0.0000
/usr/bin/dash|129816|0.4608|0.0000|0.0000
/usr/bin/grub-mkpasswd-pbkdf2|254160|0.4016|0.0000|0.0000
/usr/bin/byobu-launcher-uninstall|1561|0.6695|0.1000|0.0000
/usr/bin/dumpkeys|178712|0.3607|0.0000|0.0000
/usr/bin/hostnamectl|26848|0.2824|0.0000|0.0000
/usr/bin/wdctl|35048|0.2958|0.0000|0.0000
/usr/bin/vcs-run|6912|0.6599|0.0000|0.0000
/usr/bin/setsid|14568|0.4532|0.0000|0.0000
/usr/bin/grub-mknetdir|411200|0.4193|0.0000|0.0000
/usr/bin/unexpand|43384|0.2884|0.0000|0.0000
/usr/bin/ckbcomp|149904|0.6090|0.0000|0.0000
/usr/bin/stat|88440|0.3657|0.0000|0.0000
/usr/bin/sg_write_same|27400|0.2068|0.0000|0.0000
/usr/bin/mcookie|35120|0.2514|0.0000|0.0000
/usr/bin/rgrep|30|0.5154|0.1000|0.0000
/usr/bin/sg_write_buffer|27752|0.1958|0.0000|0.0000
/usr/bin/migrate-pubring-from-classic-gpg|3060|0.6553|0.0000|0.0000
/usr/bin/tbl|141832|0.3446|0.0000|0.0000
/usr/bin/lcf|7786|0.6019|0.0000|0.0000
/usr/bin/setarch|27136|0.1845|0.0000|0.0000
/usr/bin/systemd-id128|22752|0.2752|0.0000|0.0000
/usr/bin/ssh|793544|0.1940|0.0000|0.0000
/usr/bin/busctl|88416|0.3936|0.0000|0.0000
/usr/bin/dig|150368|0.2696|0.0000|0.0000
/usr/bin/snap|17605304|0.5100|0.0000|0.0000
/usr/bin/toe|22840|0.2297|0.0000|0.0000
/usr/bin/mt-gnu|88864|0.3612|0.0000|0.0000
/usr/bin/troff|753568|0.3757|0.0000|0.0000
/usr/bin/clear_console|14568|0.4299|0.0000|0.0000
/usr/bin/finalrd|2152|0.6060|0.1000|0.0000
/usr/bin/mapscrn|26760|0.2055|0.0000|0.0000
/usr/bin/bzip2recover|18584|0.5755|0.0000|0.0000
/usr/bin/sbkeysync|68304|0.3725|0.0000|0.0000
/usr/bin/tkconch3|386|0.6547|0.0000|0.0000
/usr/bin/pkcon|76088|0.3492|0.0000|0.0000
/usr/bin/systemd-analyze|1587584|0.2096|0.0000|0.0000
/usr/bin/sftp|170504|0.3951|0.0000|0.0000
/usr/bin/gsettings|31112|0.3287|0.0000|0.0000
/usr/bin/sg_sat_set_features|18984|0.5279|0.0000|0.0000
/usr/bin/pkaction|18744|0.2412|0.0000|0.0000
/usr/bin/expr|55640|0.2861|0.0000|0.0000
/usr/bin/pastebinit|16515|0.5340|0.0000|0.0000
/usr/bin/plymouth|51352|0.3016|0.0000|0.0000
/usr/bin/gpgparsemail|35200|0.1841|0.0000|0.0000
/usr/bin/fakeroot-tcp|3846|0.6621|0.1000|0.0000
/usr/bin/pydoc3.8|79|0.5779|0.0000|0.0000
/usr/bin/partx|121072|0.4145|0.0000|0.0000
/usr/bin/addpart|30952|0.1945|0.0000|0.0000
/usr/bin/utmpdump|30952|0.2707|0.0000|0.0000
/usr/bin/systemd-stdio-bridge|22760|0.2404|0.0000|0.0000
/usr/bin/systemd-mount|51664|0.4146|0.0000|0.0000
/usr/bin/lslogins|67816|0.3896|0.0000|0.0000
/usr/bin/vmware-vmblock-fuse|23264|0.2046|0.0000|0.0000
/usr/bin/codepage|14328|0.4734|0.0000|0.0000
/usr/bin/lsattr|14656|0.4533|0.0000|0.0000
/usr/bin/ssh-keygen|477488|0.1891|0.0000|0.0000
/usr/bin/arch|39288|0.2723|0.0000|0.0000
/usr/bin/grub-glue-efi|249712|0.3991|0.0000|0.0000
/usr/bin/ssh-agent|350504|0.1934|0.0000|0.0000
/usr/bin/sg_reset|14856|0.3990|0.0000|0.0000
/usr/bin/jsonschema|397|0.6477|0.0000|0.0000
/usr/bin/man-recode|27544|0.3295|0.0000|0.0000
/usr/bin/egrep|28|0.5317|0.1000|0.0000
/usr/bin/whiptail|34984|0.3141|0.0000|0.0000
/usr/bin/who|59768|0.3043|0.0000|0.0000
/usr/bin/select-editor|2442|0.5890|0.1000|0.0000
/usr/bin/netkit-ftp|109256|0.3782|0.0000|0.0000
/usr/bin/gpg-agent|418856|0.1824|0.0000|0.0000
/usr/bin/dpkg-parsechangelog|4567|0.6063|0.0000|0.0000
/usr/bin/x86_64-linux-gnu-c++filt|30992|0.2771|0.0000|0.0000
/usr/bin/x86_64-linux-gnu-ld.gold|2312584|0.4117|0.0000|0.0000
/usr/bin/login|57104|0.3643|0.0000|0.0000
/usr/bin/dh_python2|1057|0.5257|0.0000|0.0000
/usr/bin/sgm_dd|34976|0.5811|0.0000|0.0000
/usr/bin/mtrace|6498|0.6648|0.0000|0.0000
/usr/bin/keyring|385|0.6482|0.0000|0.0000
/usr/bin/sg_sync|14856|0.4424|0.0000|0.0000
/usr/bin/ssh-import-id-gh|785|0.6273|0.1000|0.0000
/usr/bin/dpkg-vendor|3262|0.6318|0.0000|0.0000
/usr/bin/run-one|3592|0.6480|0.1000|0.0000
/usr/bin/apport-bug|2558|0.6375|0.1000|0.0000
/usr/bin/ssh-add|370976|0.2535|0.0000|0.0000
/usr/bin/getkeycodes|14408|0.4704|0.0000|0.0000
/usr/bin/last|51432|0.3306|0.0000|0.0000
/usr/bin/grub-mkfont|274864|0.4075|0.0000|0.0000
/usr/bin/sg_ses_microcode|31976|0.2111|0.0000|0.0000
/usr/bin/byobu-enable|1182|0.6483|0.1000|0.0000
/usr/bin/sg_write_long|14952|0.5022|0.0000|0.0000
/usr/bin/tr|51544|0.2889|0.0000|0.0000
/usr/bin/cp|153976|0.4156|0.0000|0.0000
/usr/bin/lsinitramfs|706|0.6326|0.1000|0.0000
/usr/bin/mokutil|65080|0.3950|0.0000|0.0000
/usr/bin/sha256sum|59768|0.2885|0.0000|0.0000
/usr/bin/sbverify|63984|0.3850|0.0000|0.0000
/usr/bin/zdiff|5898|0.5504|0.1000|0.0000
/usr/bin/lsof|175744|0.3463|0.0000|0.0000
/usr/bin/usbreset|14640|0.4280|0.0000|0.0000
/usr/bin/rm|72056|0.3452|0.0000|0.0000
/usr/bin/byobu-enable-prompt|1453|0.6683|0.1000|0.0000
/usr/bin/systemd-ask-password|14680|0.4623|0.0000|0.0000
/usr/bin/bash|1183448|0.5074|0.0000|0.0000
/usr/bin/ubuntu-distro-info|23440|0.5785|0.0000|0.0000
/usr/bin/bzgrep|3775|0.6340|0.1000|0.0000
/usr/bin/pod2man|15034|0.6251|0.0000|0.0000
/usr/bin/apt-cdrom|31192|0.4626|0.0000|0.0000
/usr/bin/systemctl|996584|0.1972|0.0000|0.0000
/usr/bin/loadkeys|215624|0.3678|0.0000|0.0000
/usr/bin/rename.ul|22760|0.1979|0.0000|0.0000
/usr/bin/sum|47456|0.2891|0.0000|0.0000
/usr/bin/os-prober|4551|0.6517|0.1000|0.0000
/usr/bin/jsonpatch|3662|0.5608|0.0000|0.0000
/usr/bin/x86_64-linux-gnu-gcc-9|1158288|0.3728|0.0000|0.0000
/usr/bin/find|320160|0.3837|0.0000|0.0000
/usr/bin/truncate|43352|0.2700|0.0000|0.0000
/usr/bin/x86_64-linux-gnu-strings|35488|0.2757|0.0000|0.0000
/usr/bin/pycompile|11895|0.6021|0.0000|0.0000
/usr/bin/sg_stream_ctl|23080|0.6003|0.0000|0.0000
/usr/bin/dbus-monitor|30864|0.2976|0.0000|0.0000
/usr/bin/perlthanks|46366|0.6424|0.0000|0.0000
/usr/bin/vim.basic|2910952|0.2042|0.0000|0.0000
/usr/bin/linux-update-symlinks|6320|0.6372|0.0000|0.0000
/usr/bin/getent|39576|0.3318|0.0000|0.0000
/usr/bin/systemd-inhibit|22776|0.2976|0.0000|0.0000
/usr/bin/gpgtar|155264|0.3893|0.0000|0.0000
/usr/bin/gpgsm|519416|0.1931|0.0000|0.0000
/usr/bin/networkd-dispatcher|20185|0.5892|0.0000|0.0000
/usr/bin/at|55560|0.3797|0.0000|0.0000
/usr/bin/grub-script-check|278224|0.4004|0.0000|0.0000
/usr/bin/dpkg-checkbuilddeps|7624|0.6188|0.0000|0.0000
/usr/bin/test|55640|0.2532|0.0000|0.0000
/usr/bin/encguess|3066|0.6393|0.0000|0.0000
/usr/bin/seq|51544|0.2838|0.0000|0.0000
/usr/bin/sg_senddiag|27688|0.2058|0.0000|0.0000
/usr/bin/fallocate|35048|0.2373|0.0000|0.0000
/usr/bin/ptardiff|2628|0.6152|0.0000|0.0000
/usr/bin/pod2text|10803|0.6209|0.0000|0.0000
/usr/bin/sg_persist|36792|0.2674|0.0000|0.0000
/usr/bin/sg_seek|19176|0.4858|0.0000|0.0000
/usr/bin/apt-mark|63960|0.5593|0.0000|0.0000
/usr/bin/ptar|3549|0.6415|0.0000|0.0000
/usr/bin/rmdir|47448|0.2688|0.0000|0.0000
/usr/bin/nstat|80112|0.3560|0.0000|0.0000
/usr/bin/usb-devices|4100|0.6617|0.1000|0.0000
/usr/bin/catman|39616|0.3553|0.0000|0.0000
/usr/bin/x86_64-linux-gnu-readelf|658360|0.3725|0.0000|0.0000
/usr/bin/byobu-layout|3348|0.6577|0.1000|0.0000
/usr/bin/less|180064|0.3520|0.0000|0.0000
/usr/bin/mountpoint|14568|0.5428|0.0000|0.0000
/usr/bin/byobu-prompt|1156|0.6649|0.1000|0.0000
/usr/bin/lsns|51440|0.3734|0.0000|0.0000
/usr/bin/cpan|8155|0.6223|0.0000|0.0000
/usr/bin/vmware-hgfsclient|14720|0.4568|0.0000|0.0000
/usr/bin/prlimit|39672|0.3137|0.0000|0.0000
/usr/bin/psfxtable|22520|0.5716|0.0000|0.0000
/usr/bin/sg_readcap|23176|0.5878|0.0000|0.0000
/usr/bin/fold|43352|0.2769|0.0000|0.0000
/usr/bin/localectl|26848|0.3122|0.0000|0.0000
/usr/bin/busybox|2172376|0.5003|0.0000|0.0000
/usr/bin/2to3-2.7|96|0.5749|0.0000|0.0000
/usr/bin/uncompress|2346|0.6134|0.1000|0.0000
/usr/bin/pstree|36008|0.2903|0.0000|0.0000
/usr/bin/tempfile|14360|0.4022|0.0000|0.0000
/usr/bin/lesspipe|8564|0.6389|0.1000|0.0000
/usr/bin/paste|43384|0.2714|0.0000|0.0000
/usr/bin/screendump|14328|0.4830|0.0000|0.0000
/usr/bin/pollinate|8744|0.6791|0.1000|0.0000
/usr/bin/sgp_dd|43176|0.2365|0.0000|0.0000
/usr/bin/lshw|861384|0.4476|0.0000|0.0000
/usr/bin/dmesg|84440|0.3613|0.0000|0.0000
/usr/bin/groups|39256|0.2649|0.0000|0.0000
/usr/bin/trial3|382|0.6514|0.0000|0.0000
/usr/bin/sg_turs|14856|0.5972|0.0000|0.0000
/usr/bin/sotruss|4310|0.6423|0.0000|0.0000
/usr/bin/df|93128|0.3652|0.0000|0.0000
/usr/bin/x86_64-linux-gnu-objcopy|186856|0.4029|0.0000|0.0000
/usr/bin/curl|239848|0.3845|0.0000|0.0000
/usr/bin/getopt|22760|0.1955|0.0000|0.0000
/usr/bin/dirmngr-client|121920|0.3922|0.0000|0.0000
/usr/bin/namei|35048|0.2361|0.0000|0.0000
/usr/bin/upx-ucl|1945720|0.4233|0.0000|0.0000
/usr/bin/gencat|27000|0.2233|0.0000|0.0000
/usr/bin/killall|32024|0.2887|0.0000|0.0000
/usr/bin/faillog|23136|0.2010|0.0000|0.0000
/usr/bin/slabtop|22768|0.2316|0.0000|0.0000
/usr/bin/debconf-apt-progress|11541|0.6997|0.0000|0.0000
/usr/bin/grub-file|799104|0.3806|0.0000|0.0000
/usr/bin/sbvarsign|68208|0.3810|0.0000|0.0000
/usr/bin/apt-cache|88536|0.5425|0.0000|0.0000
/usr/bin/dirmngr|583536|0.1886|0.0000|0.0000
/usr/bin/col1|963|0.6276|0.1000|0.0000
/usr/bin/sg_unmap|23144|0.5943|0.0000|0.0000
/usr/bin/mount|55528|0.4198|0.0000|0.0000
/usr/bin/perldoc|125|0.5694|0.1000|0.0000
/usr/bin/sg_read_block_limits|14728|0.3650|0.0000|0.0000
/usr/bin/fincore|35096|0.2923|0.0000|0.0000
/usr/bin/x86_64-linux-gnu-gcc-ranlib-9|35464|0.1889|0.0000|0.0000
/usr/bin/perl5.30.0|3478464|0.6380|0.0000|0.0000
/usr/bin/sensible-pager|452|0.6339|0.1000|0.0000
/usr/bin/expand|43384|0.2850|0.0000|0.0000
/usr/bin/pkexec|31032|0.3652|0.0000|0.0000
/usr/bin/fgrep|28|0.5317|0.1000|0.0000
/usr/bin/dpkg-buildflags|7565|0.6236|0.0000|0.0000
/usr/bin/corelist|15088|0.6123|0.0000|0.0000
/usr/bin/x86_64-linux-gnu-elfedit|43696|0.2283|0.0000|0.0000
/usr/bin/ul|18600|0.5610|0.0000|0.0000
/usr/bin/udevadm|953552|0.1883|0.0000|0.0000
/usr/bin/x86_64-linux-gnu-gcc-ar-9|35464|0.1887|0.0000|0.0000
/usr/bin/fmt|47448|0.2816|0.0000|0.0000
/usr/bin/lessecho|14656|0.3610|0.0000|0.0000
/usr/bin/getconf|35112|0.2882|0.0000|0.0000
/usr/bin/sg_reset_wp|14792|0.4293|0.0000|0.0000
/usr/bin/sg_compare_and_write|23304|0.5993|0.0000|0.0000
/usr/bin/renice|14568|0.5078|0.0000|0.0000
/usr/bin/ubuntu-security-status|22783|0.5745|0.0000|0.0000
/usr/bin/sg_rtpg|14792|0.4808|0.0000|0.0000
/usr/bin/update-mime-database|59768|0.3635|0.0000|0.0000
/usr/bin/realpath|51576|0.2766|0.0000|0.0000
/usr/bin/bsd-write|14488|0.5658|0.0000|0.0000
/usr/bin/bzcat|39144|0.2956|0.0000|0.0000
/usr/bin/unsquashfs|114808|0.3894|0.0000|0.0000
/usr/bin/mknod|72024|0.3692|0.0000|0.0000
/usr/bin/btrfs-map-logical|441888|0.5739|0.0000|0.0000
/usr/bin/x86_64-linux-gnu-as|696624|0.4245|0.0000|0.0000
/usr/bin/ss|168800|0.3807|0.0000|0.0000
/usr/bin/sync|39256|0.2592|0.0000|0.0000
/usr/bin/grub-render-label|819968|0.4029|0.0000|0.0000
/usr/bin/setkeycodes|14408|0.4497|0.0000|0.0000
/usr/bin/ntfscmp|39176|0.2474|0.0000|0.0000
/usr/bin/unattended-upgrade|99313|0.5911|0.0000|0.0000
/usr/bin/chfn|85064|0.3797|0.0000|0.0000
/usr/bin/fusermount|39144|0.2609|0.0000|0.0000
/usr/bin/apt-ftparchive|281056|0.3495|0.0000|0.0000
/usr/bin/sg_rep_zones|27224|0.2001|0.0000|0.0000
/usr/bin/which|946|0.6251|0.1000|0.0000
/usr/bin/grub-editenv|253968|0.3988|0.0000|0.0000
/usr/bin/oem-getlogs|8573|0.5718|0.0000|0.0000
/usr/bin/ping|72776|0.3521|0.0000|0.0000
/usr/bin/cpan5.30-x86_64-linux-gnu|8176|0.6233|0.0000|0.0000
/usr/bin/od|72056|0.3202|0.0000|0.0000
/usr/bin/make-first-existing-target|4905|0.6202|0.0000|0.0000
/usr/bin/watchgnupg|18744|0.5743|0.0000|0.0000
/usr/bin/openssl|753336|0.2054|0.0000|0.0000
/usr/bin/efibootdump|22680|0.2465|0.0000|0.0000
/usr/bin/sg_read_buffer|27464|0.2009|0.0000|0.0000
/usr/bin/gettext.sh|4629|0.6155|0.1000|0.0000
/usr/bin/sos|612|0.5992|0.0000|0.0000
/usr/bin/neqn|913|0.6549|0.1000|0.0000
/usr/bin/grep|199136|0.3813|0.0000|0.0000
/usr/bin/scsi_temperature|936|0.5718|0.0000|0.0000
/usr/bin/vm-support|10623|0.6241|0.1000|0.0000
/usr/bin/colrm|14488|0.2886|0.0000|0.0000
/usr/bin/ischroot|14536|0.3337|0.0000|0.0000
/usr/bin/diff|219480|0.4547|0.0000|0.0000
/usr/bin/podselect|2527|0.6344|0.0000|0.0000
/usr/bin/fakeroot-sysv|3851|0.6620|0.1000|0.0000
/usr/bin/mandb|142432|0.4015|0.0000|0.0000
/usr/bin/id|47480|0.2947|0.0000|0.0000
/usr/bin/du|108920|0.3889|0.0000|0.0000
/usr/bin/vmtoolsd|76352|0.3509|0.0000|0.0000
/usr/bin/showconsolefont|18504|0.5839|0.0000|0.0000
/usr/bin/dpkg-gencontrol|14199|0.6387|0.0000|0.0000
/usr/bin/ec2metadata|7295|0.5690|0.0000|0.0000
/usr/bin/google_set_multiqueue|11226|0.6232|0.0000|0.0000
/usr/bin/vdir|142144|0.4030|0.0000|0.0000
/usr/bin/dpkg-maintscript-helper|20514|0.6983|0.1000|0.0000
/usr/bin/apport-unpack|2070|0.5840|0.0000|0.0000
/usr/bin/sg_opcodes|35688|0.2263|0.0000|0.0000
/usr/bin/x86_64-linux-gnu-dwp|2046584|0.4061|0.0000|0.0000
/usr/bin/x86_64-linux-gnu-gcov-tool-9|557256|0.3653|0.0000|0.0000
/usr/bin/su|67816|0.3626|0.0000|0.0000
/usr/bin/sbattach|59888|0.3466|0.0000|0.0000
/usr/bin/gzip|97496|0.3394|0.0000|0.0000
/usr/bin/nsupdate|80512|0.3702|0.1000|0.0000
/usr/bin/dbus-uuidgen|14480|0.3231|0.0000|0.0000
/usr/bin/sg_read|26784|0.5684|0.0000|0.0000
/usr/bin/calendar|35464|0.2664|0.0000|0.0000
/usr/bin/systemd-notify|18664|0.2356|0.0000|0.0000
/usr/bin/purge-old-kernels|1149|0.6133|0.1000|0.0000
/usr/bin/btrfs-select-super|441888|0.5742|0.0000|0.0000
/usr/bin/lslocks|39480|0.3407|0.0000|0.0000
/usr/bin/kill|30952|0.2715|0.0000|0.0000
/usr/bin/vmware-checkvm|14720|0.2923|0.0000|0.0000
/usr/bin/mkdir|88408|0.3732|0.0000|0.0000
/usr/bin/mesg|14568|0.5760|0.0000|0.0000
/usr/bin/sha224sum|59768|0.2886|0.0000|0.0000
/usr/bin/mawk|162552|0.3482|0.0000|0.0000
/usr/bin/vimtutor|2121|0.6459|0.1000|0.0000
/usr/bin/pygettext3.8|21535|0.6043|0.1500|0.0000
/usr/bin/systemd-detect-virt|18656|0.2284|0.0000|0.0000
/usr/bin/systemd-cgls|22864|0.2351|0.0000|0.0000
/usr/bin/runcon|39256|0.3001|0.0000|0.0000
/usr/bin/sg_start|19144|0.5629|0.0000|0.0000
/usr/bin/btrfstune|437792|0.5672|0.0000|0.0000
/usr/bin/dpkg-shlibdeps|31416|0.6585|0.0000|0.0000
/usr/bin/conch3|382|0.6535|0.0000|0.0000
/usr/bin/json_pp|4667|0.6270|0.0000|0.0000
/usr/bin/apt-config|27016|0.4557|0.0000|0.0000
/usr/bin/ucf|40685|0.5920|0.0000|0.0000
/usr/bin/cat|43416|0.2720|0.0000|0.0000
/usr/bin/bzdiff|2227|0.6005|0.1000|0.0000
/usr/bin/pinky|43384|0.2945|0.0000|0.0000
/usr/bin/cmp|51296|0.2741|0.0000|0.0000
/usr/bin/pygettext2.7|22082|0.6047|0.1500|0.0000
/usr/bin/scp|117040|0.3755|0.0000|0.0000
/usr/bin/file|27104|0.2260|0.0000|0.0000
/usr/bin/sg_raw|31400|0.2650|0.0000|0.0000
/usr/bin/manifest|1942|0.6716|0.1000|0.0000
/usr/bin/vigpg|2640|0.6282|0.1000|0.0000
/usr/bin/htop|189304|0.4412|0.0000|0.0000
/usr/bin/h2ph|29224|0.6269|0.1500|0.0000
/usr/bin/skill|30952|0.2715|0.0000|0.0000
/usr/bin/helpztags|2514|0.6533|0.0000|0.0000
/usr/bin/mdig|51608|0.4172|0.0000|0.0000
/usr/bin/google_oslogin_nss_cache|187896|0.4748|0.0000|0.0000
/usr/bin/zfgrep|29|0.5404|0.1000|0.0000
/usr/bin/x86_64-linux-gnu-addr2line|35536|0.2946|0.0000|0.0000
/usr/bin/eject|35680|0.3201|0.0000|0.0000
/usr/bin/nice|43352|0.2651|0.0000|0.0000
/usr/bin/cpio|165504|0.3886|0.0000|0.0000
/usr/bin/chattr|14656|0.5410|0.0000|0.0000
/usr/bin/tty|39256|0.2541|0.0000|0.0000
/usr/bin/run-parts|27144|0.2870|0.0000|0.0000
/usr/bin/linux-check-removal|4090|0.6440|0.0000|0.0000
/usr/bin/sha384sum|67960|0.2976|0.0000|0.0000
/usr/bin/grub-mkstandalone|489328|0.4202|0.0000|0.0000
/usr/bin/crontab|43720|0.3126|0.0000|0.0000
/usr/bin/dbus-send|30864|0.3082|0.0000|0.0000
/usr/bin/ntfscluster|39176|0.2444|0.0000|0.0000
/usr/bin/kbdinfo|14408|0.5252|0.0000|0.0000
/usr/bin/pyjwt3|372|0.6601|0.0000|0.0000
/usr/bin/more|43160|0.2739|0.0000|0.0000
/usr/bin/ntfswipe|56104|0.2945|0.0000|0.0000
/usr/bin/byobu-launcher-install|2459|0.6703|0.1000|0.0000
/usr/bin/lnstat|31240|0.1831|0.0000|0.0000
/usr/bin/google_authorized_principals|184040|0.4622|0.0000|0.0000
/usr/bin/ubuntu-advantage|427|0.6493|0.0000|0.0000
/usr/bin/gpg-zip|3516|0.5935|0.1000|0.0000
/usr/bin/cvtsudoers|273096|0.3995|0.0000|0.0000
/usr/bin/ckeygen3|386|0.6536|0.0000|0.0000
/usr/bin/sg_read_long|14888|0.4850|0.0000|0.0000
/usr/bin/strace|1583592|0.3930|0.0000|0.0000
/usr/bin/scsi_satl|3857|0.6204|0.0000|0.0000
/usr/bin/prtstat|22760|0.5487|0.0000|0.0000
/usr/bin/bzmore|1297|0.6523|0.1000|0.0000
/usr/bin/snapfuse|47400|0.2990|0.0000|0.0000
/usr/bin/byobu-select-backend|1452|0.6733|0.1000|0.0000
/usr/bin/stty|84344|0.3662|0.0000|0.0000
/usr/bin/taskset|35048|0.2591|0.0000|0.0000
/usr/bin/scriptreplay|30952|0.2290|0.0000|0.0000
/usr/bin/fuser|40184|0.2585|0.0000|0.0000
/usr/bin/grub-mkimage|357328|0.4038|0.0000|0.0000
/usr/bin/bsd-from|14488|0.4166|0.0000|0.0000
/usr/bin/csplit|55672|0.3173|0.0000|0.0000
/usr/bin/uniq|51576|0.3020|0.0000|0.0000
/usr/bin/byobu-quiet|1410|0.6729|0.1000|0.0000
/usr/bin/ctail|960|0.6260|0.1000|0.0000
/usr/bin/miniterm|35098|0.5838|0.0000|0.0000
/usr/bin/sg_logs|154488|0.3616|0.0000|0.0000
/usr/bin/tzselect|15379|0.6508|0.1000|0.0000
/usr/bin/sha512sum|67960|0.2975|0.0000|0.0000
/usr/bin/twist3|382|0.6503|0.0000|0.0000
/usr/bin/sg_rdac|18600|0.5534|0.0000|0.0000
/usr/bin/vim.tiny|1353976|0.3721|0.0000|0.0000
/usr/bin/sosreport|1057|0.5927|0.0000|0.0000
/usr/bin/locale-check|14496|0.2420|0.0000|0.0000
/usr/bin/eatmydata|2806|0.5948|0.1000|0.0000
/usr/bin/aa-exec|35344|0.2373|0.0000|0.0000
/usr/bin/bzip2|39144|0.2956|0.0000|0.0000
/usr/bin/sos-collector|1065|0.5947|0.0000|0.0000
/usr/bin/tload|22776|0.2042|0.0000|0.0000
/usr/bin/kernel-install|5191|0.6192|0.0000|0.0000
/usr/bin/grub-syslinux2cfg|759056|0.4019|0.0000|0.0000
/usr/bin/vmware-alias-import|72224|0.2984|0.0000|0.0000
/usr/bin/colcrt|14488|0.4248|0.0000|0.0000
/usr/bin/systemd-cgtop|39160|0.3769|0.0000|0.0000
/usr/bin/linux-boot-prober|1577|0.6236|0.1000|0.0000
/usr/bin/wall|35048|0.2840|0.0000|0.0000
/usr/bin/xzgrep|5902|0.6383|0.1000|0.0000
/usr/bin/loginctl|59736|0.4114|0.0000|0.0000
/usr/bin/pslog|14488|0.3525|0.0000|0.0000
/usr/bin/vmstat|39168|0.2629|0.0000|0.0000
/usr/bin/byobu-launcher|1910|0.6686|0.1000|0.0000
/usr/bin/linux-version|2698|0.6430|0.1500|0.0000
/usr/bin/x86_64-linux-gnu-ld.bfd|1732192|0.2962|0.0000|0.0000
/usr/bin/tac|43352|0.2922|0.0000|0.0000
/usr/bin/lzmainfo|14568|0.4327|0.0000|0.0000
/usr/bin/sensible-browser|1230|0.5948|0.1000|0.0000
/usr/bin/touch|100728|0.3807|0.0000|0.0000
/usr/bin/systemd-machine-id-setup|26952|0.2585|0.0000|0.0000
/usr/bin/chardetect3|389|0.6463|0.0000|0.0000
/usr/bin/strace-log-merge|1821|0.6641|0.1000|0.0000
/usr/bin/grog|2776|0.6519|0.0000|0.0000
/usr/bin/systemd-cat|18664|0.2303|0.0000|0.0000
/usr/bin/resolvectl|129408|0.4315|0.0000|0.0000
/usr/bin/apt-key|27931|0.6666|0.1000|0.0000
/usr/bin/scsi_logging_level|8585|0.6358|0.0000|0.0000
/usr/bin/zipdetails|50718|0.6447|0.0000|0.0000
/usr/bin/byobu-janitor|6440|0.6940|0.1000|0.0000
/usr/bin/gpgsplit|88840|0.3811|0.0000|0.0000
/usr/bin/cftp3|380|0.6528|0.0000|0.0000
/usr/bin/x86_64-linux-gnu-gcov-9|671984|0.3691|0.0000|0.0000
/usr/bin/dpkg-scanpackages|8698|0.6283|0.0000|0.0000
/usr/bin/nl|43448|0.3020|0.0000|0.0000
/usr/bin/ntfsrecover|121096|0.2917|0.0000|0.0000
/usr/bin/sprof|35192|0.2432|0.0000|0.0000
/usr/bin/comm|43384|0.2764|0.0000|0.0000
/usr/bin/unshare|43448|0.3093|0.0000|0.0000
/usr/bin/gawk|702944|0.2283|0.0000|0.0000
/usr/bin/gdbus|51592|0.4133|0.0000|0.0000
/usr/bin/debconf-set-selections|2935|0.6453|0.0000|0.0000
/usr/bin/python2.7|3657904|0.6904|0.0000|0.0000
/usr/bin/gpasswd|88464|0.3764|0.0000|0.0000
/usr/bin/byobu-silent|1306|0.6696|0.1000|0.0000
/usr/bin/shred|63864|0.3452|0.0000|0.0000
/usr/bin/apt-sortpkgs|47504|0.3864|0.0000|0.0000
/usr/bin/zcmp|1678|0.6403|0.1000|0.0000
/usr/bin/sort|117376|0.4162|0.0000|0.0000
/usr/bin/soelim|47624|0.2010|0.0000|0.0000
/usr/bin/sg_requests|14920|0.5280|0.0000|0.0000
/usr/bin/pkcheck|22912|0.3549|0.0000|0.0000
/usr/bin/resizecons|22664|0.1966|0.0000|0.0000
/usr/bin/sg_rbuf|23112|0.5686|0.0000|0.0000
/usr/bin/lsusb|248328|0.4336|0.0000|0.0000
/usr/bin/systemd-delta|26848|0.3143|0.0000|0.0000
/usr/bin/rdma|133360|0.3830|0.0000|0.0000
/usr/bin/xauth|56288|0.3482|0.0000|0.0000
/usr/bin/whereis|35496|0.2826|0.0000|0.0000
/usr/bin/perlbug|46366|0.6424|0.0000|0.0000
/usr/bin/debconf-escape|647|0.6253|0.0000|0.0000
/usr/bin/byobu-shell|1600|0.6618|0.1000|0.0000
/usr/bin/dpkg-gensymbols|10902|0.6331|0.0000|0.0000
/usr/bin/ltrace|312816|0.3558|0.0000|0.0000
/usr/bin/debconf-communicate|608|0.6468|0.0000|0.0000
/usr/bin/vmware-vgauth-cmd|18744|0.5844|0.0000|0.0000
/usr/bin/debconf-show|1827|0.6515|0.0000|0.0000
/usr/bin/vmware-namespace-cmd|22840|0.2118|0.0000|0.0000
/usr/bin/faked-tcp|35072|0.2345|0.0000|0.0000
/usr/bin/x86_64-linux-gnu-gcc-nm-9|35464|0.1887|0.0000|0.0000
/usr/bin/sg_vpd|116920|0.3606|0.0000|0.0000
/usr/bin/dpkg-statoverride|63760|0.3355|0.0000|0.0000
/usr/bin/gpg-wks-server|208072|0.3856|0.0000|0.0000
/usr/bin/c99-gcc|454|0.6257|0.1000|0.0000
/usr/bin/sg_scan|18592|0.5634|0.0000|0.0000
/usr/bin/sg_xcopy|43176|0.2077|0.0000|0.0000
/usr/bin/byobu-disable-prompt|1341|0.6671|0.1000|0.0000
/usr/bin/bashbug|6794|0.6821|0.1000|0.0000
/usr/bin/groff|124448|0.3545|0.0000|0.0000
/usr/bin/numfmt|67992|0.3355|0.0000|0.0000
/usr/bin/rev|14568|0.4685|0.0000|0.0000
/usr/bin/sg_modes|46712|0.3196|0.0000|0.0000
/usr/bin/sg_safte|23080|0.5713|0.0000|0.0000
/usr/bin/grops|186304|0.3640|0.0000|0.0000
/usr/bin/nproc|43352|0.2735|0.0000|0.0000
/usr/bin/setfont|47240|0.2589|0.0000|0.0000
/usr/bin/nano|320136|0.3809|0.0000|0.0000
/usr/bin/byobu-select-profile|5123|0.6765|0.1000|0.0000
/usr/bin/shasum|9976|0.6722|0.0000|0.0000
/usr/bin/sg_get_config|36088|0.2407|0.0000|0.0000
/usr/bin/link|39256|0.2532|0.0000|0.0000
/usr/bin/wget|544472|0.2395|0.0000|0.0000
/usr/bin/x86_64-linux-gnu-size|35280|0.2872|0.0000|0.0000
/usr/bin/gapplication|22920|0.2856|0.0000|0.0000
/usr/bin/sg_ident|14792|0.4904|0.0000|0.0000
/usr/bin/pyhtmlizer3|392|0.6549|0.0000|0.0000
/usr/bin/nc.openbsd|43664|0.2703|0.0000|0.0000
/usr/bin/wifi-status|2107|0.6335|0.1000|0.0000
/usr/bin/yes|39256|0.2524|0.0000|0.0000
/usr/bin/unlink|39256|0.2532|0.0000|0.0000
/usr/bin/column|14504|0.5591|0.0000|0.0000
/usr/bin/gzexe|6447|0.6426|0.1000|0.0000
/usr/bin/ulockmgr_server|18584|0.5834|0.0000|0.0000
/usr/bin/scsi_stop|1474|0.5884|0.0000|0.0000
/usr/bin/catchsegv|3331|0.6497|0.1000|0.0000
/usr/bin/sg_reassign|14856|0.5779|0.0000|0.0000
/usr/bin/rpcgen|101056|0.2887|0.0000|0.0000
/usr/bin/google_authorized_keys|183800|0.4726|0.0000|0.0000
/usr/bin/pwd|43352|0.2707|0.0000|0.0000
/usr/bin/ipcs|67816|0.3376|0.0000|0.0000
/usr/bin/screen|474280|0.3737|0.0000|0.0000
/usr/bin/automat-visualize3|402|0.6481|0.0000|0.0000
/usr/bin/infocmp|63880|0.3283|0.0000|0.0000
/usr/bin/deb-systemd-helper|21328|0.6454|0.0000|0.0000
/usr/bin/systemd-run|59824|0.4223|0.0000|0.0000
/usr/bin/sg_sat_identify|23112|0.5735|0.0000|0.0000
/usr/bin/pbput|2569|0.6740|0.1000|0.0000
/usr/bin/pl2pm|4533|0.6561|0.0000|0.0000
/usr/bin/google_authorized_keys_sk|183800|0.4710|0.0000|0.0000
/usr/bin/md5sum|47480|0.2880|0.0000|0.0000
/usr/bin/lspgpot|1081|0.6379|0.1000|0.0000
/usr/bin/preconv|68104|0.3458|0.0000|0.0000
/usr/bin/man|119632|0.3680|0.0000|0.0000
/usr/bin/base32|43352|0.2808|0.0000|0.0000
/usr/bin/zless|2206|0.6764|0.1000|0.0000
/usr/bin/growpart|24522|0.6751|0.1000|0.0000
/usr/bin/delpart|30952|0.1948|0.0000|0.0000
/usr/bin/mtr-packet|39296|0.2055|0.0000|0.0000
/usr/bin/cksum|39256|0.2640|0.0000|0.0000
/usr/bin/shuf|59736|0.3207|0.0000|0.0000
/usr/bin/pkmon|22840|0.2627|0.0000|0.0000
/usr/bin/mksquashfs|210904|0.3993|0.0000|0.0000
/usr/bin/ntfs-3g|162704|0.4041|0.0000|0.0000
/usr/bin/deb-systemd-invoke|4430|0.6392|0.0000|0.0000
/usr/bin/uuidgen|14568|0.5280|0.0000|0.0000
/usr/bin/peekfd|14488|0.5467|0.0000|0.0000
/usr/bin/pldd|22904|0.1930|0.0000|0.0000
/usr/bin/xzdiff|6632|0.6147|0.1000|0.0000
/usr/bin/top|129072|0.3899|0.0000|0.0000
/usr/bin/systemd-path|18656|0.2288|0.0000|0.0000
/usr/bin/sg_timestamp|19128|0.5897|0.0000|0.0000
/usr/bin/pydoc2.7|79|0.5779|0.0000|0.0000
/usr/bin/dpkg-scansources|9167|0.6383|0.0000|0.0000
/usr/bin/tmux|692192|0.3670|0.0000|0.0000
/usr/bin/xzmore|2161|0.6682|0.1000|0.0000
/usr/bin/run-mailcap|18487|0.6049|0.0000|0.0000
/usr/bin/grub-mklayout|258224|0.4014|0.0000|0.0000
/usr/bin/deallocvt|14408|0.4509|0.0000|0.0000
/usr/bin/tabs|18744|0.5923|0.0000|0.0000
/usr/bin/gio|92568|0.3342|0.0000|0.0000
/usr/bin/bzexe|4877|0.6229|0.1000|0.0000
/usr/bin/pwdx|14568|0.4520|0.0000|0.0000
/usr/bin/prove|13655|0.5758|0.0000|0.0000
/usr/bin/unicode_start|2762|0.6361|0.1000|0.0000
/usr/bin/grub-mount|746288|0.4090|0.0000|0.0000
/usr/bin/setterm|47336|0.2899|0.0000|0.0000
/usr/bin/ntfs-3g.probe|14568|0.2947|0.0000|0.0000
/usr/bin/mktemp|47448|0.3008|0.0000|0.0000
/usr/bin/setmetamode|14440|0.3435|0.0000|0.0000
/usr/bin/byobu-status-detail|1207|0.6603|0.1000|0.0000
/usr/bin/choom|51432|0.2978|0.0000|0.0000
/usr/bin/unmkinitramfs|3676|0.6494|0.1000|0.0000
/usr/bin/add-apt-repository|7415|0.5680|0.0000|0.0000
/usr/bin/savelog|10481|0.6354|0.1000|0.0000
/usr/bin/manpath|39632|0.2851|0.0000|0.0000
/usr/bin/uname|39288|0.2722|0.0000|0.0000
/usr/bin/ln|76160|0.3661|0.0000|0.0000
/usr/bin/google_osconfig_agent|18258072|0.4717|0.0000|0.0000
/usr/bin/debconf|2859|0.6544|0.0000|0.0000
/usr/bin/hostid|39256|0.2538|0.0000|0.0000
/usr/bin/tset|31040|0.2379|0.0000|0.0000
/usr/bin/sg_inq|126456|0.3703|0.0000|0.0000
/usr/bin/perl5.30-x86_64-linux-gnu|14648|0.3176|0.0000|0.0000
/usr/bin/py3compile|12120|0.5830|0.0000|0.0000
/usr/bin/chown|72024|0.3411|0.0000|0.0000
/usr/bin/ipcrm|35048|0.2254|0.0000|0.0000
/usr/bin/timedatectl|47328|0.3900|0.0000|0.0000
/usr/bin/landscape-sysinfo|624|0.5780|0.0000|0.0000
/usr/bin/debconf-copydb|1719|0.6526|0.0000|0.0000
/usr/bin/podchecker|3658|0.6373|0.0000|0.0000
/usr/bin/info|317176|0.3688|0.0000|0.0000
/usr/bin/unicode_stop|530|0.6489|0.1000|0.0000
/usr/bin/resizepart|63720|0.3150|0.0000|0.0000
/usr/bin/setupcon|39233|0.5818|0.1000|0.0000
/usr/bin/sg_ses|122648|0.3707|0.0000|0.0000
/usr/bin/bunzip2|39144|0.2956|0.0000|0.0000
/usr/bin/mtr|82176|0.3687|0.0000|0.0000
/usr/bin/bootctl|63840|0.3968|0.0000|0.0000
/usr/bin/chvt|14408|0.4212|0.0000|0.0000
/usr/bin/dbus-run-session|14480|0.4643|0.0000|0.0000
/usr/bin/logname|39256|0.2548|0.0000|0.0000
/usr/bin/printenv|39256|0.2577|0.0000|0.0000
/usr/bin/timeout|43800|0.3199|0.0000|0.0000
/usr/bin/install-info|118008|0.2954|0.0000|0.0000
/usr/bin/tput|26968|0.2145|0.0000|0.0000
/usr/bin/ps|137688|0.3667|0.0000|0.0000
/usr/bin/sg_write_verify|23176|0.5986|0.0000|0.0000
/usr/bin/col|18584|0.5569|0.0000|0.0000
/usr/bin/apt-extracttemplates|27104|0.4379|0.0000|0.0000
/usr/bin/clear|14656|0.3927|0.0000|0.0000
/usr/bin/vmware-xferlogs|57752|0.2305|0.0000|0.0000
/usr/bin/tic|92584|0.3907|0.0000|0.0000
/usr/bin/ntfsfallocate|39184|0.2698|0.0000|0.0000
/usr/bin/c_rehash|6806|0.6090|0.0000|0.0000
/usr/bin/dpkg-divert|154208|0.3536|0.0000|0.0000
/usr/bin/apt|18824|0.3243|0.0000|0.0000
/usr/bin/delv|50048|0.4213|0.1000|0.0000
/usr/bin/check-language-support|2771|0.5757|0.0000|0.0000
/usr/bin/ed|55504|0.2160|0.0000|0.0000
/usr/bin/tar|448112|0.3455|0.0000|0.0000
/usr/bin/byobu-disable|1295|0.6535|0.1000|0.0000
/usr/bin/piconv|8357|0.6248|0.0000|0.0000
/usr/bin/whatis|56536|0.3797|0.0000|0.0000
/usr/bin/[|59736|0.2610|0.0000|0.0000
/usr/bin/apt-get|47576|0.5465|0.0000|0.0000
/usr/bin/zforce|2081|0.6450|0.1000|0.0000
/usr/bin/openvt|22968|0.2028|0.0000|0.0000
/usr/bin/time|14720|0.6128|0.0000|0.0000
/usr/bin/lz4|190704|0.2369|0.0000|0.0000
/usr/bin/ntfsdecrypt|51480|0.3972|0.0000|0.0000
/usr/bin/pyclean|4124|0.6234|0.0000|0.0000
/usr/bin/gce_workload_cert_refresh|14247656|0.4706|0.0000|0.0000
/usr/bin/git-shell|1793824|0.3433|0.0000|0.0000
/usr/bin/byobu-ugraph|4667|0.6235|0.0000|0.0000
/usr/bin/ls|142144|0.4032|0.0000|0.0000
/usr/bin/dh_bash-completion|2446|0.6448|0.0000|0.0000
/usr/bin/python3.8|5490488|0.6653|0.0000|0.0000
/usr/bin/sg_dd|51376|0.2095|0.0000|0.0000
/usr/bin/grub-menulst2cfg|233600|0.3815|0.0000|0.0000
/usr/bin/loadunimap|34952|0.2200|0.0000|0.0000
/usr/bin/envsubst|43240|0.2503|0.0000|0.0000
/usr/bin/install|158112|0.4063|0.0000|0.0000
/usr/bin/tail|72088|0.3425|0.0000|0.0000
/usr/bin/ncal|37832|0.2210|0.0000|0.0000
/usr/bin/gpg|1066992|0.1871|0.0000|0.0000
/usr/bin/xxd|18712|0.5695|0.0000|0.0000
/usr/bin/showkey|18504|0.5489|0.0000|0.0000
/usr/bin/localedef|334808|0.3507|0.0000|0.0000
/usr/bin/journalctl|80120|0.3858|0.0000|0.0000
/usr/bin/sg_rmsn|14696|0.4031|0.0000|0.0000
/usr/bin/dpkg|309944|0.3714|0.0000|0.0000
/usr/bin/gpgconf|178848|0.3839|0.0000|0.0000
/usr/bin/logger|52040|0.3327|0.0000|0.0000
/usr/bin/uptime|14568|0.4106|0.0000|0.0000
/usr/bin/xdg-user-dirs-update|26696|0.1903|0.0000|0.0000
/usr/bin/scsi_readcap|1327|0.5973|0.0000|0.0000
/usr/bin/zgrep|8103|0.6302|0.1000|0.0000
/usr/bin/chcon|72024|0.3627|0.0000|0.0000
/usr/bin/bc|101064|0.4213|0.0000|0.0000
/usr/bin/chgrp|72024|0.3379|0.0000|0.0000
/usr/bin/chage|84512|0.3615|0.0000|0.0000
/usr/bin/xz|80384|0.3972|0.0000|0.0000
/usr/bin/lsb_release|3638|0.5744|0.0000|0.0000
/usr/bin/scsi_mandat|3602|0.6197|0.0000|0.0000
/usr/bin/efibootmgr|44312|0.3156|0.0000|0.0000
/usr/bin/pathchk|39256|0.2550|0.0000|0.0000
/usr/bin/google_set_hostname|3101|0.6207|0.0000|0.0000
/usr/bin/pic|221536|0.3648|0.0000|0.0000
/usr/bin/x86_64-linux-gnu-cpp-9|1158288|0.3734|0.0000|0.0000
/usr/bin/systemd-socket-activate|26848|0.2652|0.0000|0.0000
/usr/bin/gettext|43240|0.2482|0.0000|0.0000
/usr/bin/byobu-keybindings|1506|0.6615|0.1000|0.0000
/usr/bin/ldd|5428|0.6321|0.0000|0.0000
/usr/bin/jsonpointer|1838|0.5799|0.0000|0.0000
/usr/bin/gunzip|2346|0.6134|0.1000|0.0000
/usr/bin/hexdump|35072|0.2277|0.0000|0.0000
/usr/bin/ntfsinfo|59672|0.3247|0.0000|0.0000
/usr/bin/sginfo|73576|0.2715|0.0000|0.0000
/usr/bin/google_guest_agent|15250344|0.4733|0.0000|0.0000
/usr/bin/lsblk|133352|0.4202|0.0000|0.0000
/usr/bin/lowntfs-3g|121712|0.4017|0.0000|0.0000
/usr/bin/uuidparse|39144|0.3379|0.0000|0.0000
/usr/bin/kbxutil|179168|0.3938|0.0000|0.0000
/usr/bin/google_optimize_local_ssd|2518|0.6099|0.0000|0.0000
/usr/bin/ntfscat|35080|0.2555|0.0000|0.0000
/usr/bin/dpkg-buildpackage|30610|0.6032|0.0000|0.0000
/usr/bin/systemd-sysusers|55824|0.3912|0.0000|0.0000
/usr/bin/pinentry-curses|68240|0.3768|0.0000|0.0000
/usr/bin/host|121632|0.2768|0.0000|0.0000
/usr/bin/flock|35128|0.2611|0.0000|0.0000
/usr/bin/grub-mkrescue|977200|0.4208|0.0000|0.0000
/usr/bin/btrfs-image|462368|0.5698|0.0000|0.0000
/usr/bin/lastlog|32416|0.2830|0.0000|0.0000
/usr/bin/sg_sat_read_gplog|19016|0.5678|0.0000|0.0000
/usr/bin/VGAuthService|141856|0.2324|0.0000|0.0000
/usr/bin/systemd-hwdb|109072|0.4012|0.0000|0.0000
/usr/bin/rsync|512824|0.3705|0.0000|0.0000
/usr/bin/do-release-upgrade|10227|0.5679|0.0000|0.0000
/usr/bin/look|14728|0.4517|0.0000|0.0000
/usr/bin/mailmail3|388|0.6528|0.0000|0.0000
/usr/bin/basename|39256|0.2577|0.0000|0.0000
/usr/bin/lsmem|67816|0.3700|0.0000|0.0000
/usr/bin/byobu-ctrl-a|4774|0.6770|0.1000|0.0000
/usr/bin/sg_map|18584|0.5497|0.0000|0.0000
/usr/bin/usbhid-dump|31112|0.2538|0.0000|0.0000
/usr/bin/iconv|68000|0.3460|0.0000|0.0000
/usr/bin/systemd-escape|22752|0.2436|0.0000|0.0000
/usr/bin/dpkg-source|23022|0.6450|0.0000|0.0000
/usr/bin/perl|3478464|0.6380|0.0000|0.0000
/usr/bin/x86_64-linux-gnu-ar|68024|0.3457|0.0000|0.0000
/usr/bin/telnet.netkit|115376|0.3827|0.0000|0.0000
/usr/bin/chronyc|89264|0.3749|0.0000|0.0000
/usr/bin/false|39256|0.2423|0.0000|0.0000
/usr/bin/zegrep|29|0.5404|0.1000|0.0000
/usr/bin/twistd3|384|0.6508|0.0000|0.0000
/usr/bin/vmhgfs-fuse|56112|0.3127|0.0000|0.0000
/usr/bin/jsonpatch-jsondiff|1004|0.6105|0.0000|0.0000
/usr/bin/sg_test_rwbuf|14792|0.5020|0.0000|0.0000
/usr/bin/expiry|31312|0.2616|0.0000|0.0000
/usr/bin/ntfsfix|47376|0.2919|0.0000|0.0000
/usr/bin/x86_64-linux-gnu-gprof|102280|0.3445|0.0000|0.0000
/usr/bin/chsh|53040|0.3474|0.0000|0.0000
/usr/bin/tracepath|18584|0.5714|0.0000|0.0000
/usr/bin/btrfs-convert|466464|0.5766|0.0000|0.0000
/usr/bin/ssh-copy-id|10658|0.6611|0.1000|0.0000
/usr/bin/scsi_ready|1121|0.5935|0.0000|0.0000
/usr/bin/pod2usage|3948|0.6484|0.0000|0.0000
/usr/bin/zdump|26840|0.1761|0.0000|0.0000
/usr/bin/dbus-daemon|249032|0.1837|0.0000|0.0000
/usr/bin/sg_stpg|23112|0.5913|0.0000|0.0000
/usr/bin/byobu-select-session|1012|0.6578|0.1000|0.0000
/usr/bin/sg_get_lba_status|19176|0.5798|0.0000|0.0000
/usr/bin/ntfstruncate|43200|0.2396|0.0000|0.0000
/usr/bin/apport-cli|13360|0.5373|0.0000|0.0000
/usr/bin/sg_referrals|14856|0.4741|0.0000|0.0000
/usr/bin/sg_read_attr|37352|0.2716|0.0000|0.0000
/usr/bin/xzless|1802|0.6666|0.1000|0.0000
/usr/bin/aa-enabled|31248|0.2223|0.0000|0.0000
/usr/bin/sudo|166056|0.3404|0.0000|0.0000
/usr/bin/systemd-tmpfiles|88480|0.4206|0.0000|0.0000
/usr/bin/newgrp|44784|0.3390|0.0000|0.0000
/usr/bin/ip|611960|0.4944|0.0000|0.0000
/usr/bin/byobu-status|6015|0.6919|0.1000|0.0000
/usr/bin/pkttyagent|18744|0.2792|0.0000|0.0000
/usr/bin/cautious-launcher|853|0.6203|0.0000|0.0000
/usr/bin/py3clean|7813|0.5942|0.0000|0.0000
/usr/bin/sleep|39256|0.2579|0.0000|0.0000
/usr/bin/ucfr|10722|0.5986|0.0000|0.0000
/usr/bin/sg_wr_mode|23112|0.6007|0.0000|0.0000
/usr/bin/dpkg-mergechangelogs|8547|0.6300|0.0000|0.0000
/usr/bin/sg_copy_results|23704|0.5320|0.0000|0.0000
/usr/bin/chrt|39144|0.2741|0.0000|0.0000
/usr/bin/byobu-launch|3329|0.6649|0.1000|0.0000
/usr/bin/dir|142144|0.4031|0.0000|0.0000
/usr/bin/zmore|1842|0.6515|0.1000|0.0000
/usr/bin/printf|59736|0.2682|0.0000|0.0000
/usr/bin/ntfsls|36184|0.2619|0.0000|0.0000
/usr/bin/dpkg-architecture|12852|0.6524|0.0000|0.0000
/usr/bin/systemd-tty-ask-password-agent|30944|0.3718|0.0000|0.0000
/usr/bin/hostname|26856|0.2046|0.0000|0.0000
/usr/bin/dpkg-name|6789|0.5962|0.0000|0.0000
/usr/bin/btrfs|819296|0.6246|0.0000|0.0000
/usr/bin/free|26864|0.2500|0.0000|0.0000
/usr/bin/lexgrog|101320|0.3823|0.0000|0.0000
/usr/bin/btrfs-find-root|433760|0.5667|0.0000|0.0000
/usr/bin/dbus-cleanup-sockets|14480|0.4671|0.0000|0.0000
/usr/bin/sg_decode_sense|23144|0.5936|0.0000|0.0000
/usr/bin/pmap|35064|0.2496|0.0000|0.0000
/usr/bin/cut|47480|0.3001|0.0000|0.0000
/usr/bin/lscpu|100584|0.3878|0.0000|0.0000
/usr/bin/xsubpp|5164|0.6401|0.0000|0.0000
/usr/bin/ptx|80280|0.3589|0.0000|0.0000
/usr/bin/cloud-init-per|2108|0.6272|0.1000|0.0000
/usr/bin/rescan-scsi-bus.sh|39064|0.6450|0.0000|0.0000
/usr/bin/ngettext|43240|0.2517|0.0000|0.0000
/usr/bin/x86_64-linux-gnu-strip|186856|0.4025|0.0000|0.0000
/usr/bin/true|39256|0.2422|0.0000|0.0000
/usr/bin/c89-gcc|428|0.6271|0.1000|0.0000
/usr/bin/whoami|39256|0.2568|0.0000|0.0000
/usr/bin/google_metadata_script_runner|16478136|0.4696|0.0000|0.0000
/usr/bin/patch|195096|0.4301|0.0000|0.0000
/usr/bin/lspci|94160|0.3420|0.0000|0.0000
/usr/bin/sensible-editor|1169|0.6469|0.1000|0.0000
/usr/bin/base64|43352|0.2813|0.0000|0.0000
/usr/bin/splitfont|14328|0.3047|0.0000|0.0000
/usr/bin/zcat|1984|0.6228|0.1000|0.0000
/usr/bin/pgrep|30968|0.2656|0.0000|0.0000
/usr/bin/lesskey|24288|0.1834|0.0000|0.0000
/usr/bin/readlink|51544|0.2701|0.0000|0.0000
/usr/bin/sg_zone|15000|0.4681|0.0000|0.0000
/usr/bin/dpkg-genchanges|17492|0.6361|0.0000|0.0000
/usr/bin/nsenter|35256|0.2706|0.0000|0.0000
/usr/bin/ssh-import-id|409|0.6433|0.0000|0.0000
/usr/bin/watch|27208|0.3028|0.0000|0.0000
/usr/bin/perlivp|10864|0.6090|0.0000|0.0000
/usr/bin/gpgv|457880|0.2887|0.0000|0.0000
/usr/bin/script|55528|0.3335|0.0000|0.0000
/usr/bin/b2sum|59768|0.3102|0.0000|0.0000
/usr/bin/umount|39144|0.3981|0.0000|0.0000
/usr/bin/sg_prevent|14696|0.3343|0.0000|0.0000
/usr/bin/pr|76216|0.3483|0.0000|0.0000
/usr/bin/tsort|43352|0.2700|0.0000|0.0000
/usr/bin/sg_format|35976|0.2396|0.0000|0.0000
/usr/bin/ntfsusermap|39096|0.2405|0.0000|0.0000
/usr/bin/printerbanner|22680|0.4532|0.0000|0.0000
/usr/bin/setpci|30960|0.2925|0.0000|0.0000
/usr/bin/ionice|30952|0.2234|0.0000|0.0000
/usr/bin/routef|208|0.6103|0.1000|0.0000
/usr/bin/passwd|68208|0.3648|0.0000|0.0000
/usr/bin/mv|149888|0.4143|0.0000|0.0000
/usr/bin/kmod|174424|0.3975|0.0000|0.0000
/usr/bin/dpkg-genbuildinfo|16795|0.6057|0.0000|0.0000
/usr/bin/locale|58944|0.3281|0.0000|0.0000
/usr/bin/stdbuf|51544|0.2900|0.0000|0.0000
/usr/bin/znew|4577|0.6124|0.1000|0.0000
/usr/bin/head|47480|0.2809|0.0000|0.0000
/usr/bin/grub-fstest|923488|0.4074|0.0000|0.0000
/usr/bin/vmware-toolbox-cmd|60000|0.3915|0.0000|0.0000
/usr/bin/gresource|22840|0.2387|0.0000|0.0000
/usr/bin/byobu-reconnect-sockets|3298|0.6808|0.1000|0.0000
/usr/bin/setleds|14392|0.4924|0.0000|0.0000
/usr/bin/echo|39256|0.2454|0.0000|0.0000
/usr/bin/nslookup|125760|0.2747|0.0000|0.0000
/usr/bin/h2xs|60866|0.6068|0.0000|0.0000
/usr/bin/byobu-export|1351|0.6560|0.1000|0.0000
/usr/bin/date|108920|0.3816|0.0000|0.0000
/usr/bin/sg_luns|23176|0.5998|0.0000|0.0000
/usr/bin/dd|80256|0.3429|0.0000|0.0000
/usr/bin/diff3|67800|0.3355|0.0000|0.0000
/usr/bin/dirname|39256|0.2535|0.0000|0.0000
/usr/bin/batch|152|0.5877|0.1000|0.0000
/usr/bin/x86_64-linux-gnu-nm|52664|0.3483|0.0000|0.0000
/usr/bin/wc|47456|0.3357|0.0000|0.0000
/usr/bin/x86_64-linux-gnu-ranlib|68056|0.3457|0.0000|0.0000
/usr/bin/dpkg-query|166488|0.3569|0.0000|0.0000
/usr/bin/findmnt|73128|0.4345|0.0000|0.0000
/usr/bin/gpgcompose|895272|0.1811|0.0000|0.0000
/usr/bin/sed|121288|0.4355|0.0000|0.0000
/usr/bin/git|3125840|0.3099|0.0000|0.0000
/usr/bin/pcap-config|1541|0.6270|0.1000|0.0000
/usr/bin/fgconsole|14408|0.4567|0.0000|0.0000
/usr/bin/scsi_start|1285|0.5869|0.0000|0.0000
/usr/bin/sg_map26|27192|0.5747|0.0000|0.0000
/usr/bin/factor|80248|0.2990|0.0000|0.0000
/usr/bin/ssh-import-id-lp|785|0.6272|0.1000|0.0000
/usr/bin/chmod|63864|0.3085|0.0000|0.0000
/usr/bin/ntfsmove|39176|0.2710|0.0000|0.0000
/usr/bin/xdg-user-dir|234|0.6793|0.1000|0.0000
/usr/bin/vmware-rpctool|31032|0.5683|0.0000|0.0000
/usr/bin/splain|19150|0.6445|0.0000|0.0000
/usr/bin/eqn|206336|0.3590|0.0000|0.0000
/usr/bin/faked-sysv|35088|0.2232|0.0000|0.0000
/usr/bin/pod2html|4134|0.6014|0.0000|0.0000
/usr/bin/byobu-config|996|0.6605|0.1000|0.0000
/usr/bin/dbus-update-activation-environment|14480|0.5575|0.0000|0.0000
/usr/bin/tee|43384|0.2856|0.0000|0.0000
/usr/bin/ptargrep|4392|0.6255|0.0000|0.0000
/usr/bin/env|43352|0.2813|0.0000|0.0000
/usr/bin/ntfssecaudit|97024|0.3706|0.0000|0.0000
/usr/bin/x86_64-linux-gnu-gcov-dump-9|540808|0.3568|0.0000|0.0000
/usr/bin/sg_write_x|56776|0.2710|0.0000|0.0000
/usr/bin/sg_sanitize|27496|0.2238|0.0000|0.0000
/usr/bin/nroff|3293|0.6347|0.1000|0.0000
/usr/bin/grotty|132672|0.3621|0.0000|0.0000
/usr/bin/ssh-keyscan|465208|0.1884|0.0000|0.0000
/usr/bin/volname|14488|0.2510|0.0000|0.0000
/usr/bin/sbsiglist|59952|0.3431|0.0000|0.0000
/usr/bin/ipcmk|35120|0.2495|0.0000|0.0000
/usr/bin/update-alternatives|55712|0.2299|0.0000|0.0000
/usr/bin/libnetcfg|15775|0.6386|0.0000|0.0000
/usr/bin/setpriv|47344|0.3334|0.0000|0.0000
/usr/bin/kbd_mode|14408|0.4795|0.0000|0.0000
/usr/bin/sudoreplay|64512|0.3694|0.0000|0.0000
/usr/bin/instmodsh|4370|0.5864|0.0000|0.0000
/usr/bin/kmodsign|22824|0.2062|0.0000|0.0000
/usr/bin/nohup|43352|0.2679|0.0000|0.0000
/usr/bin/lorder|2885|0.6747|0.1000|0.0000
/usr/bin/byobu-ulevel|11996|0.6517|0.0000|0.0000
/usr/bin/xargs|76152|0.3264|0.0000|0.0000
/usr/bin/make|230968|0.4383|0.0000|0.0000
/usr/bin/cloud-id|390|0.6494|0.0000|0.0000
/usr/bin/gpg-connect-agent|167072|0.3739|0.0000|0.0000
/usr/bin/split|60184|0.3312|0.0000|0.0000
/usr/bin/join|55672|0.2915|0.0000|0.0000
/usr/bin/traceroute6.iputils|26776|0.2112|0.0000|0.0000
/usr/bin/mkfifo|67928|0.3635|0.0000|0.0000
/usr/bin/byobu|8363|0.7037|0.1000|0.0000
/usr/bin/grub-kbdcomp|1681|0.6425|0.1000|0.0000
/usr/bin/setlogcons|14408|0.4801|0.0000|0.0000
/usr/bin/routel|1656|0.5911|0.1000|0.0000
/usr/bin/dpkg-deb|178728|0.3846|0.0000|0.0000
/usr/bin/x86_64-linux-gnu-g++-9|1158288|0.3732|0.0000|0.0000
/usr/bin/dircolors|47456|0.3520|0.0000|0.0000
/usr/bin/dpkg-distaddfile|2782|0.6506|0.0000|0.0000
/etc/hdparm.conf|5060|0.5998|0.0000|0.0000
/etc/crypttab|54|0.5436|0.0000|0.0000
/etc/ucf.conf|1260|0.5786|0.0000|0.0000
/etc/X11/Xsession.d/90gpg-agent|880|0.6102|0.0000|0.0000
/etc/X11/Xsession.d/20dbus_xdg-runtime|1062|0.6407|0.0000|0.0000
/etc/logrotate.conf|533|0.5515|0.0000|0.0000
/etc/ssh/ssh_host_rsa_key.pub|587|0.7449|0.0000|0.0000
/etc/ssh/moduli|535195|0.5099|0.0000|0.0000
/etc/ssh/ssh_host_ed25519_key.pub|115|0.6497|0.0000|0.0000
/etc/ssh/ssh_config|1603|0.6102|0.0000|0.0000
/etc/ssh/ssh_config.d/50-cloudimg-settings.conf|246|0.5890|0.0000|0.0000
/etc/ssh/ssh_host_ecdsa_key.pub|195|0.7132|0.0000|0.0000
/etc/ssh/sshd_config|3289|0.6241|0.0000|0.0000
/etc/ssh/sshd_config.d/50-cloudimg-settings.conf|288|0.5947|0.0000|0.0000
/etc/ssh/sshd_config.d/60-cloudimg-settings.conf|26|0.4901|0.0000|0.0000
/etc/ssh/ssh_import_id|342|0.5930|0.0000|0.0000
/etc/ld.so.conf|34|0.4778|0.0000|0.0000
/etc/default/motd-news|682|0.5823|0.0000|0.0000
/etc/default/ssh|133|0.5709|0.1000|0.0000
/etc/default/grub|1209|0.6641|0.0000|0.0000
/etc/default/networkd-dispatcher|152|0.5697|0.0000|0.0000
/etc/default/useradd|1118|0.5971|0.1000|0.0000
/etc/default/pollinate|363|0.6298|0.0000|0.0000
/etc/default/cron|150|0.5405|0.0000|0.0000
/etc/default/dbus|297|0.5697|0.0000|0.0000
/etc/default/ufw|1897|0.6344|0.0000|0.0000
/etc/default/keyboard|150|0.6590|0.0000|0.0000
/etc/default/console-setup|284|0.6862|0.0000|0.0000
/etc/default/mdadm|831|0.6167|0.0000|0.0000
/etc/default/grub.d/init-select.cfg|274|0.5829|0.0000|0.0000
/etc/default/grub.d/50-cloudimg-settings.cfg|262|0.6617|0.0000|0.0000
/etc/default/grub.d/40-force-partuuid.cfg|174|0.6460|0.0000|0.0000
/etc/default/apport|149|0.5276|0.0000|0.0000
/etc/default/cryptdisks|460|0.6139|0.0000|0.0000
/etc/default/chrony|413|0.6129|0.0000|0.0000
/etc/default/nss|1756|0.6030|0.0000|0.0000
/etc/default/rsync|2062|0.5921|0.0000|0.0000
/etc/default/bsdmainutils|222|0.5769|0.0000|0.0000
/etc/default/nginx|389|0.6365|0.0000|0.0000
/etc/default/open-iscsi|2691|0.5948|0.0000|0.0000
/etc/default/locale|13|0.4626|0.0000|0.0000
/etc/default/instance_configs.cfg.distro|126|0.5793|0.0000|0.0000
/etc/fonts/fonts.conf|2808|0.6302|0.0000|0.0000
/etc/fonts/conf.d/README|978|0.5922|0.0000|0.0000
/etc/fonts/conf.avail/20-unhint-small-dejavu-serif.conf|858|0.6000|0.0000|0.0000
/etc/fonts/conf.avail/49-sansserif.conf|799|0.6193|0.0000|0.0000
/etc/fonts/conf.avail/57-dejavu-serif.conf|1649|0.5792|0.0000|0.0000
/etc/fonts/conf.avail/70-force-bitmaps.conf|487|0.6130|0.0000|0.0000
/etc/fonts/conf.avail/70-no-bitmaps.conf|487|0.6146|0.0000|0.0000
/etc/fonts/conf.avail/65-fonts-persian.conf|10293|0.6354|0.0000|0.0000
/etc/fonts/conf.avail/51-local.conf|423|0.6309|0.0000|0.0000
/etc/fonts/conf.avail/40-nonlatin.conf|5630|0.5686|0.0000|0.0000
/etc/fonts/conf.avail/45-generic.conf|3543|0.6146|0.0000|0.0000
/etc/fonts/conf.avail/10-antialias.conf|225|0.6125|0.0000|0.0000
/etc/fonts/conf.avail/10-hinting-none.conf|692|0.6051|0.0000|0.0000
/etc/fonts/conf.avail/69-language-selector-zh-sg.conf|1737|0.6010|0.0000|0.0000
/etc/fonts/conf.avail/70-yes-bitmaps.conf|77|0.6118|0.0000|0.0000
/etc/fonts/conf.avail/65-khmer.conf|464|0.6309|0.0000|0.0000
/etc/fonts/conf.avail/58-dejavu-lgc-serif.conf|1689|0.5849|0.0000|0.0000
/etc/fonts/conf.avail/25-unhint-nonlatin.conf|3489|0.6067|0.0000|0.0000
/etc/fonts/conf.avail/30-cjk-aliases.conf|16016|0.5427|0.0000|0.0000
/etc/fonts/conf.avail/20-unhint-small-dejavu-sans.conf|856|0.6000|0.0000|0.0000
/etc/fonts/conf.avail/56-language-selector-ar.conf|806|0.5243|0.0000|0.0000
/etc/fonts/conf.avail/53-monospace-lcd-filter.conf|943|0.5838|0.0000|0.0000
/etc/fonts/conf.avail/10-no-sub-pixel.conf|723|0.6117|0.0000|0.0000
/etc/fonts/conf.avail/11-lcdfilter-light.conf|765|0.6079|0.0000|0.0000
/etc/fonts/conf.avail/50-user.conf|911|0.6256|0.0000|0.0000
/etc/fonts/conf.avail/11-lcdfilter-legacy.conf|768|0.6088|0.0000|0.0000
/etc/fonts/conf.avail/58-dejavu-lgc-sans.conf|2063|0.5798|0.0000|0.0000
/etc/fonts/conf.avail/10-sub-pixel-vbgr.conf|758|0.6135|0.0000|0.0000
/etc/fonts/conf.avail/30-metric-aliases.conf|13274|0.6011|0.0000|0.0000
/etc/fonts/conf.avail/58-dejavu-lgc-sans-mono.conf|1545|0.5868|0.0000|0.0000
/etc/fonts/conf.avail/20-unhint-small-dejavu-lgc-serif.conf|866|0.6025|0.0000|0.0000
/etc/fonts/conf.avail/10-sub-pixel-rgb.conf|748|0.6136|0.0000|0.0000
/etc/fonts/conf.avail/80-delicious.conf|597|0.6363|0.0000|0.0000
/etc/fonts/conf.avail/69-unifont.conf|847|0.6237|0.0000|0.0000
/etc/fonts/conf.avail/10-hinting-slight.conf|696|0.6061|0.0000|0.0000
/etc/fonts/conf.avail/10-autohint.conf|706|0.6112|0.0000|0.0000
/etc/fonts/conf.avail/69-language-selector-zh-hk.conf|1551|0.6028|0.0000|0.0000
/etc/fonts/conf.avail/11-lcdfilter-default.conf|771|0.6073|0.0000|0.0000
/etc/fonts/conf.avail/60-generic.conf|2041|0.6340|0.0000|0.0000
/etc/fonts/conf.avail/20-unhint-small-dejavu-sans-mono.conf|866|0.6004|0.0000|0.0000
/etc/fonts/conf.avail/90-synthetic.conf|1917|0.6103|0.0000|0.0000
/etc/fonts/conf.avail/65-nonlatin.conf|8008|0.6186|0.0000|0.0000
/etc/fonts/conf.avail/57-dejavu-sans.conf|2011|0.5734|0.0000|0.0000
/etc/fonts/conf.avail/10-hinting-full.conf|692|0.6071|0.0000|0.0000
/etc/fonts/conf.avail/20-unhint-small-vera.conf|1537|0.6196|0.0000|0.0000
/etc/fonts/conf.avail/10-hinting-medium.conf|696|0.6070|0.0000|0.0000
/etc/fonts/conf.avail/10-unhinted.conf|701|0.6108|0.0000|0.0000
/etc/fonts/conf.avail/69-language-selector-zh-cn.conf|1737|0.6015|0.0000|0.0000
/etc/fonts/conf.avail/69-language-selector-ja.conf|819|0.6033|0.0000|0.0000
/etc/fonts/conf.avail/10-sub-pixel-bgr.conf|748|0.6136|0.0000|0.0000
/etc/fonts/conf.avail/20-unhint-small-dejavu-lgc-sans.conf|864|0.6024|0.0000|0.0000
/etc/fonts/conf.avail/99-language-selector-zh.conf|1857|0.5696|0.0000|0.0000
/etc/fonts/conf.avail/69-language-selector-zh-tw.conf|2120|0.6028|0.0000|0.0000
/etc/fonts/conf.avail/45-latin.conf|6600|0.5591|0.0000|0.0000
/etc/fonts/conf.avail/57-dejavu-sans-mono.conf|1509|0.5813|0.0000|0.0000
/etc/fonts/conf.avail/69-language-selector-zh-mo.conf|1636|0.6007|0.0000|0.0000
/etc/fonts/conf.avail/60-latin.conf|2068|0.6085|0.0000|0.0000
/etc/fonts/conf.avail/20-unhint-small-dejavu-lgc-sans-mono.conf|874|0.6028|0.0000|0.0000
/etc/fonts/conf.avail/10-sub-pixel-vrgb.conf|758|0.6135|0.0000|0.0000
/etc/fonts/conf.avail/10-scale-bitmap-fonts.conf|2228|0.5870|0.0000|0.0000
/etc/fonts/conf.avail/64-language-selector-prefer.conf|921|0.5926|0.0000|0.0000
/etc/dhcp/dhclient-enter-hooks.d/resolved|3786|0.5615|0.0000|0.0000
/etc/dhcp/dhclient-exit-hooks.d/rfc3442-classless-routes|1756|0.6238|0.0000|0.0000
/etc/dhcp/dhclient-exit-hooks.d/chrony|542|0.6099|0.0000|0.0000
/etc/dhcp/debug|1426|0.6096|0.0000|0.0000
/etc/dhcp/dhclient.conf|1735|0.6236|0.0000|0.0000
/etc/cron.hourly/.placeholder|102|0.5639|0.2000|0.0000
/etc/network/if-pre-up.d/ethtool|344|0.6661|0.1000|0.0000
/etc/network/if-post-down.d/chrony|138|0.5710|0.1000|0.0000
/etc/network/if-up.d/ethtool|1685|0.6768|0.1000|0.0000
/etc/network/if-up.d/chrony|138|0.5710|0.1000|0.0000
/etc/lvm/lvmlocal.conf|2301|0.5811|0.0000|0.0000
/etc/lvm/profile/lvmdbusd.profile|2309|0.6063|0.0000|0.0000
/etc/lvm/profile/thin-generic.profile|76|0.5505|0.0000|0.0000
/etc/lvm/profile/cache-mq.profile|531|0.5945|0.0000|0.0000
/etc/lvm/profile/vdo-small.profile|563|0.6153|0.0000|0.0000
/etc/lvm/profile/metadata_profile_template.profile|828|0.5897|0.0000|0.0000
/etc/lvm/profile/thin-performance.profile|80|0.5567|0.0000|0.0000
/etc/lvm/profile/command_profile_template.profile|3020|0.5978|0.0000|0.0000
/etc/lvm/profile/cache-smq.profile|339|0.5844|0.0000|0.0000
/etc/lvm/lvm.conf|102257|0.5886|0.0000|0.0000
/etc/ldap/ldap.conf|332|0.6479|0.0000|0.0000
/etc/ltrace.conf|14867|0.6337|0.0000|0.0000
/etc/locale.gen|9440|0.6149|0.0000|0.0000
/etc/multipath.conf|41|0.4932|0.0000|0.0000
/etc/legal|267|0.5901|0.0000|0.0000
/etc/netplan/50-cloud-init.yaml|505|0.5471|0.0000|0.0000
/etc/kernel-img.conf|110|0.5572|0.0000|0.0000
/etc/profile.d/Z99-cloudinit-warnings.sh|841|0.5879|0.1000|0.0000
/etc/profile.d/gawk.sh|757|0.6720|0.0000|0.0000
/etc/profile.d/cedilla-portuguese.sh|1003|0.6486|0.0000|0.0000
/etc/profile.d/Z99-cloud-locale-test.sh|3396|0.5973|0.1000|0.0000
/etc/profile.d/gawk.csh|1107|0.6524|0.0000|0.0000
/etc/profile.d/01-locale-fix.sh|96|0.5562|0.0000|0.0000
/etc/profile.d/Z97-byobu.sh|1557|0.6487|0.0000|0.0000
/etc/profile.d/apps-bin-path.sh|835|0.6509|0.0000|0.0000
/etc/profile.d/bash_completion.sh|729|0.6562|0.0000|0.0000
/etc/python3/debian_config|94|0.5916|0.0000|0.0000
/etc/subuid|71|0.5103|0.0000|0.0000
/etc/debian_version|13|0.4049|0.0000|0.0000
/etc/pam.conf|552|0.4501|0.0000|0.0000
/etc/debconf.conf|2969|0.5879|0.0000|0.0000
/etc/hosts|271|0.6008|0.0000|0.0000
/etc/libaudit.conf|191|0.5375|0.0000|0.0000
/etc/apparmor/parser.conf|1553|0.5810|0.0000|0.0000
/etc/pollinate/entropy.ubuntu.com.pem|3034|0.7437|0.0000|0.0000
/etc/kernel/postinst.d/zz-update-grub|646|0.6448|0.1000|0.0000
/etc/kernel/postinst.d/xx-update-initrd-links|882|0.6168|0.1000|0.0000
/etc/kernel/postinst.d/unattended-upgrades|1163|0.6323|0.1000|0.0000
/etc/kernel/postinst.d/initramfs-tools|893|0.6582|0.1000|0.0000
/etc/kernel/postinst.d/zz-shim|372|0.6085|0.1000|0.0000
/etc/kernel/postrm.d/zz-update-grub|646|0.6448|0.1000|0.0000
/etc/kernel/postrm.d/initramfs-tools|846|0.6572|0.1000|0.0000
/etc/cron.monthly/.placeholder|102|0.5639|0.2000|0.0000
/etc/shells|146|0.4924|0.1000|0.0000
/etc/PackageKit/Vendor.conf|1718|0.5875|0.0000|0.0000
/etc/PackageKit/PackageKit.conf|706|0.5770|0.0000|0.0000
/etc/rpc|887|0.5913|0.0000|0.0000
/etc/boto.cfg|111|0.6039|0.0000|0.0000
/etc/issue|26|0.4914|0.0000|0.0000
/etc/e2scrub.conf|685|0.5796|0.0000|0.0000
/etc/alternatives/README|100|0.5278|0.0000|0.0000
/etc/pam.d/common-session-noninteractive|1435|0.5746|0.0000|0.0000
/etc/pam.d/runuser-l|138|0.5584|0.0000|0.0000
/etc/pam.d/chpasswd|92|0.5732|0.0000|0.0000
/etc/pam.d/login|4126|0.5901|0.0000|0.0000
/etc/pam.d/atd|250|0.5619|0.0000|0.0000
/etc/pam.d/other|520|0.5712|0.0000|0.0000
/etc/pam.d/cron|606|0.5595|0.0000|0.0000
/etc/pam.d/chfn|384|0.5805|0.0000|0.0000
/etc/pam.d/runuser|143|0.5621|0.0000|0.0000
/etc/pam.d/vmtoolsd|119|0.5478|0.0000|0.0000
/etc/pam.d/systemd-user|317|0.5413|0.0000|0.0000
/etc/pam.d/su|2257|0.5817|0.0000|0.0000
/etc/pam.d/polkit-1|270|0.5632|0.0000|0.0000
/etc/pam.d/common-session|1470|0.5764|0.0000|0.0000
/etc/pam.d/chsh|581|0.5675|0.0000|0.0000
/etc/pam.d/sudo|239|0.5643|0.0000|0.0000
/etc/pam.d/common-account|1208|0.5773|0.0000|0.0000
/etc/pam.d/su-l|137|0.5509|0.0000|0.0000
/etc/pam.d/sshd|2133|0.5691|0.0000|0.0000
/etc/pam.d/newusers|92|0.5689|0.0000|0.0000
/etc/pam.d/passwd|92|0.5761|0.0000|0.0000
/etc/pam.d/common-auth|1242|0.5802|0.0000|0.0000
/etc/pam.d/common-password|1440|0.5949|0.0000|0.0000
/etc/zsh_command_not_found|477|0.6347|0.0000|0.0000
/etc/ufw/ufw.conf|312|0.5845|0.0000|0.0000
/etc/ufw/applications.d/openssh-server|145|0.5482|0.0000|0.0000
/etc/ufw/applications.d/nginx|374|0.6155|0.0000|0.0000
/etc/ufw/sysctl.conf|1391|0.6058|0.0000|0.0000
/etc/sos/sos.conf|1279|0.5742|0.0000|0.0000
/etc/security/time.conf|2179|0.5893|0.0000|0.0000
/etc/security/capability.conf|1793|0.5925|0.0000|0.0000
/etc/security/namespace.conf|1440|0.5622|0.0000|0.0000
/etc/security/access.conf|4564|0.6067|0.0000|0.0000
/etc/security/sepermit.conf|419|0.5292|0.0000|0.0000
/etc/security/pam_env.conf|2972|0.6403|0.0000|0.0000
/etc/security/faillock.conf|2234|0.5739|0.0000|0.0000
/etc/security/group.conf|3635|0.5820|0.0000|0.0000
/etc/security/namespace.init|1016|0.5698|0.1000|0.0000
/etc/security/limits.conf|2161|0.5195|0.0000|0.0000
/etc/mailcap.order|449|0.4717|0.0000|0.0000
/etc/screenrc|3663|0.5938|0.0000|0.0000
/etc/console-setup/compose.ISO-8859-2.inc|2893|0.4860|0.0000|0.0000
/etc/console-setup/cached_setup_font.sh|467|0.5981|0.1000|0.0000
/etc/console-setup/cached_ISO-8859-1_del.kmap.gz|3406|0.9863|0.0000|0.0000
/etc/console-setup/compose.ISO-8859-10.inc|36|0.5438|0.0000|0.0000
/etc/console-setup/compose.ISO-8859-3.inc|3387|0.4888|0.0000|0.0000
/etc/console-setup/cached_ISO-8859-1.acm.gz|658|0.8498|0.0000|0.0000
/etc/console-setup/vtrgb.vga|155|0.3322|0.0000|0.0000
/etc/console-setup/ISO-8859-1.acm|1449|0.5981|0.0000|0.0000
/etc/console-setup/compose.ISO-8859-4.inc|2805|0.4870|0.0000|0.0000
/etc/console-setup/compose.KOI8-R.inc|31|0.5164|0.0000|0.0000
/etc/console-setup/compose.ISO-8859-7.inc|1217|0.4786|0.0000|0.0000
/etc/console-setup/compose.ISO-8859-9.inc|3617|0.4886|0.0000|0.0000
/etc/console-setup/cached_UTF-8_del.kmap.gz|4028|0.9872|0.0000|0.0000
/etc/console-setup/compose.ISO-8859-14.inc|3020|0.4886|0.0000|0.0000
/etc/console-setup/compose.GEORGIAN-ACADEMY.inc|41|0.5591|0.0000|0.0000
/etc/console-setup/compose.ARMSCII-8.inc|34|0.5274|0.0000|0.0000
/etc/console-setup/compose.CP1256.inc|31|0.5083|0.0000|0.0000
/etc/console-setup/compose.ISO-8859-8.inc|35|0.5259|0.0000|0.0000
/etc/console-setup/compose.ISO-8859-11.inc|36|0.5368|0.0000|0.0000
/etc/console-setup/vtrgb|158|0.3711|0.0000|0.0000
/etc/console-setup/remap.inc|1359|0.5648|0.0000|0.0000
/etc/console-setup/compose.ISO-8859-13.inc|3737|0.4889|0.0000|0.0000
/etc/console-setup/compose.ISO-8859-16.inc|36|0.5438|0.0000|0.0000
/etc/console-setup/compose.ISIRI-3342.inc|35|0.5259|0.0000|0.0000
/etc/console-setup/compose.TIS-620.inc|32|0.5254|0.0000|0.0000
/etc/console-setup/Uni2-Fixed16.psf.gz|4151|0.9884|0.0000|0.0000
/etc/console-setup/compose.KOI8-U.inc|31|0.5164|0.0000|0.0000
/etc/console-setup/compose.CP1255.inc|31|0.5003|0.0000|0.0000
/etc/console-setup/compose.CP1251.inc|31|0.5003|0.0000|0.0000
/etc/console-setup/cached_setup_terminal.sh|73|0.5898|0.1000|0.0000
/etc/console-setup/compose.ISO-8859-6.inc|35|0.5358|0.0000|0.0000
/etc/console-setup/compose.ISO-8859-1.inc|3596|0.4879|0.0000|0.0000
/etc/console-setup/compose.GEORGIAN-PS.inc|36|0.5507|0.0000|0.0000
/etc/console-setup/compose.ISO-8859-15.inc|3552|0.4870|0.0000|0.0000
/etc/console-setup/compose.IBM1133.inc|32|0.5097|0.0000|0.0000
/etc/console-setup/compose.VISCII.inc|31|0.4892|0.0000|0.0000
/etc/console-setup/cached_setup_keyboard.sh|199|0.5996|0.1000|0.0000
/etc/console-setup/compose.ISO-8859-5.inc|35|0.5286|0.0000|0.0000
/etc/console-setup/cached_Uni2-Fixed16.psf.gz|4151|0.9884|0.0000|0.0000
/etc/modprobe.d/blacklist-firewire.conf|210|0.6002|0.0000|0.0000
/etc/modprobe.d/blacklist-rare-network.conf|583|0.5721|0.0000|0.0000
/etc/modprobe.d/blacklist-framebuffer.conf|677|0.5552|0.0000|0.0000
/etc/modprobe.d/iwlwifi.conf|347|0.5741|0.0000|0.0000
/etc/modprobe.d/mdadm.conf|379|0.5643|0.0000|0.0000
/etc/modprobe.d/blacklist-ath_pci.conf|325|0.5901|0.0000|0.0000
/etc/modprobe.d/gce-blacklist.conf|113|0.5704|0.0000|0.0000
/etc/modprobe.d/blacklist.conf|1518|0.5971|0.0000|0.0000
/etc/bash_completion|45|0.5302|0.0000|0.0000
/etc/systemd/journald.conf|1042|0.6197|0.0000|0.0000
/etc/systemd/system.conf|1759|0.6384|0.0000|0.0000
/etc/systemd/logind.conf|1042|0.6192|0.0000|0.0000
/etc/systemd/networkd.conf|584|0.5908|0.0000|0.0000
/etc/systemd/pstore.conf|529|0.5692|0.0000|0.0000
/etc/systemd/resolved.conf|642|0.5971|0.0000|0.0000
/etc/systemd/user.conf|1185|0.6252|0.0000|0.0000
/etc/systemd/system/snap-snapd-23545.mount|326|0.6174|0.0000|0.0000
/etc/systemd/system/snap-core20-2434.mount|326|0.6231|0.0000|0.0000
/etc/systemd/system/snap-snapd-25577.mount|326|0.6151|0.0000|0.0000
/etc/systemd/system/snap-lxd-29619.mount|320|0.6245|0.0000|0.0000
/etc/systemd/system/snap-google\x2dcloud\x2dcli-297.mount|353|0.6191|0.0000|0.0000
/etc/systemd/system/snap.lxd.daemon.unix.socket|330|0.6362|0.0000|0.0000
/etc/systemd/system/snap.lxd.activate.service|467|0.6261|0.0000|0.0000
/etc/systemd/system/snap.lxd.daemon.service|541|0.6229|0.0000|0.0000
/etc/systemd/system/snap-core20-2686.mount|326|0.6231|0.0000|0.0000
/etc/systemd/sleep.conf|790|0.5894|0.0000|0.0000
/etc/bash.bashrc|2319|0.6268|0.0000|0.0000
/etc/selinux/semanage.conf|2041|0.5994|0.0000|0.0000
/etc/subgid|71|0.5103|0.0000|0.0000
/etc/nsswitch.conf|510|0.5385|0.0000|0.0000
/etc/udev/rules.d/70-snap.snapd.rules|63357|0.6837|0.0000|0.0000
/etc/udev/udev.conf|281|0.5637|0.0000|0.0000
/etc/dbus-1/system.d/com.ubuntu.LanguageSelector.conf|733|0.6179|0.0000|0.0000
/etc/dbus-1/system.d/org.freedesktop.PackageKit.conf|1331|0.6079|0.0000|0.0000
/etc/dbus-1/system.d/org.freedesktop.Accounts.conf|917|0.6092|0.0000|0.0000
/etc/dbus-1/system.d/com.ubuntu.SoftwareProperties.conf|662|0.6127|0.0000|0.0000
/etc/inputrc|1748|0.6055|0.0000|0.0000
/etc/calendar/default|612|0.5515|0.0000|0.0000
/etc/NetworkManager/dispatcher.d/20-chrony|428|0.6062|0.1000|0.0000
/etc/login.defs|10550|0.6314|0.0000|0.0000
/etc/crontab|1042|0.6049|0.1000|0.0000
/etc/mdadm/mdadm.conf|688|0.6052|0.0000|0.0000
/etc/cron.d/e2scrub_all|201|0.6196|0.0000|0.0000
/etc/cron.d/.placeholder|102|0.5639|0.2000|0.0000
/etc/cron.d/popularity-contest|190|0.5783|0.1000|0.0000
/etc/ubuntu-advantage/uaclient.conf|63|0.5395|0.0000|0.0000
/etc/nanorc|10037|0.5796|0.0000|0.0000
/etc/vim/vimrc.tiny|662|0.5748|0.0000|0.0000
/etc/vim/vimrc|2266|0.5904|0.0000|0.0000
/etc/overlayroot.conf|6920|0.5945|0.0000|0.0000
/etc/subuid-|47|0.4931|0.0000|0.0000
/etc/nvme/discovery.conf|157|0.5525|0.0000|0.0000
/etc/nvme/hostnqn|69|0.5996|0.0000|0.0000
/etc/nvme/hostid|37|0.4881|0.0000|0.0000
/etc/ppp/ip-up.d/chrony|395|0.5895|0.1000|0.0000
/etc/ppp/ip-down.d/chrony|409|0.5893|0.1000|0.0000
/etc/cryptsetup-initramfs/conf-hook|1025|0.6064|0.0000|0.0000
/etc/bash_completion.d/git-prompt|439|0.5754|0.0000|0.0000
/etc/bash_completion.d/apport_completion|6636|0.5846|0.0000|0.0000
/etc/depmod.d/ubuntu.conf|31|0.4857|0.0000|0.0000
/etc/xattr.conf|642|0.6134|0.0000|0.0000
/etc/fstab|84|0.6097|0.0000|0.0000
/etc/machine-id|33|0.4733|0.0000|0.0000
/etc/python2.7/sitecustomize.py|155|0.5395|0.0000|0.0000
/etc/deluser.conf|604|0.6321|0.0000|0.0000
/etc/wgetrc|4942|0.5927|0.0000|0.0000
/etc/group|1231|0.5812|0.0000|0.0000
/etc/rsyslog.conf|1382|0.6178|0.0000|0.0000
/etc/cloud/cloud.cfg|3766|0.5827|0.0000|0.0000
/etc/cloud/cloud.cfg.d/91-gce-system.cfg|773|0.5660|0.0000|0.0000
/etc/cloud/cloud.cfg.d/91-gce.cfg|66|0.5461|0.0000|0.0000
/etc/cloud/cloud.cfg.d/README|167|0.5309|0.0000|0.0000
/etc/cloud/cloud.cfg.d/90_dpkg.cfg|333|0.6164|0.0000|0.0000
/etc/cloud/cloud.cfg.d/05_logging.cfg|2071|0.6037|0.0000|0.0000
/etc/cloud/build.info|36|0.5229|0.0000|0.0000
/etc/cloud/templates/sources.list.debian.deb822.tmpl|1456|0.6002|0.0000|0.0000
/etc/cloud/templates/chrony.conf.sle-micro.tmpl|1090|0.5965|0.0000|0.0000
/etc/cloud/templates/ntp.conf.ubuntu.tmpl|2561|0.6118|0.0000|0.0000
/etc/cloud/templates/ntp.conf.photon.tmpl|1902|0.6074|0.0000|0.0000
/etc/cloud/templates/chrony.conf.cloudlinux.tmpl|1280|0.5950|0.0000|0.0000
/etc/cloud/templates/ntp.conf.sles.tmpl|2807|0.6033|0.0000|0.0000
/etc/cloud/templates/ntpd.conf.openbsd.tmpl|543|0.6065|0.0000|0.0000
/etc/cloud/templates/hosts.azurelinux.tmpl|882|0.5998|0.0000|0.0000
/etc/cloud/templates/chrony.conf.fedora.tmpl|1368|0.5978|0.0000|0.0000
/etc/cloud/templates/ntp.conf.almalinux.tmpl|1902|0.6074|0.0000|0.0000
/etc/cloud/templates/hosts.arch.tmpl|841|0.6007|0.0000|0.0000
/etc/cloud/templates/hosts.freebsd.tmpl|911|0.5959|0.0000|0.0000
/etc/cloud/templates/hosts.redhat.tmpl|912|0.5952|0.0000|0.0000
/etc/cloud/templates/hosts.photon.tmpl|874|0.5970|0.0000|0.0000
/etc/cloud/templates/chrony.conf.almalinux.tmpl|1280|0.5950|0.0000|0.0000
/etc/cloud/templates/ntp.conf.rocky.tmpl|1902|0.6074|0.0000|0.0000
/etc/cloud/templates/hosts.alpine.tmpl|893|0.5977|0.0000|0.0000
/etc/cloud/templates/ntp.conf.cloudlinux.tmpl|1902|0.6074|0.0000|0.0000
/etc/cloud/templates/ntp.conf.rhel.tmpl|1904|0.6072|0.0000|0.0000
/etc/cloud/templates/chrony.conf.photon.tmpl|1368|0.5978|0.0000|0.0000
/etc/cloud/templates/chrony.conf.cos.tmpl|873|0.5778|0.0000|0.0000
/etc/cloud/templates/ntp.conf.debian.tmpl|2202|0.5958|0.0000|0.0000
/etc/cloud/templates/chef_client.rb.tmpl|1667|0.5700|0.0000|0.0000
/etc/cloud/templates/chrony.conf.freebsd.tmpl|14315|0.5805|0.0000|0.0000
/etc/cloud/templates/hosts.mariner.tmpl|876|0.5972|0.0000|0.0000
/etc/cloud/templates/resolv.conf.tmpl|921|0.5730|0.0000|0.0000
/etc/cloud/templates/chrony.conf.alpine.tmpl|1212|0.5858|0.0000|0.0000
/etc/cloud/templates/chrony.conf.rhel.tmpl|1280|0.5950|0.0000|0.0000
/etc/cloud/templates/chrony.conf.sles.tmpl|1090|0.5965|0.0000|0.0000
/etc/cloud/templates/ntp.conf.freebsd.tmpl|4229|0.5925|0.0000|0.0000
/etc/cloud/templates/sources.list.debian.tmpl|1439|0.5877|0.0000|0.0000
/etc/cloud/templates/chrony.conf.sle_hpc.tmpl|1090|0.5965|0.0000|0.0000
/etc/cloud/templates/hosts.aosc.tmpl|931|0.5916|0.0000|0.0000
/etc/cloud/templates/chrony.conf.opensuse.tmpl|1090|0.5965|0.0000|0.0000
/etc/cloud/templates/sources.list.ubuntu.tmpl|2858|0.5867|0.0000|0.0000
/etc/cloud/templates/ntp.conf.fedora.tmpl|2126|0.6066|0.0000|0.0000
/etc/cloud/templates/chrony.conf.opensuse-microos.tmpl|1090|0.5965|0.0000|0.0000
/etc/cloud/templates/hosts.gentoo.tmpl|910|0.5950|0.0000|0.0000
/etc/cloud/templates/sources.list.ubuntu.deb822.tmpl|2991|0.5717|0.0000|0.0000
/etc/cloud/templates/chrony.conf.centos.tmpl|1280|0.5950|0.0000|0.0000
/etc/cloud/templates/systemd.resolved.conf.tmpl|504|0.5939|0.0000|0.0000
/etc/cloud/templates/hosts.debian.tmpl|845|0.6008|0.0000|0.0000
/etc/cloud/templates/hosts.suse.tmpl|1067|0.6059|0.0000|0.0000
/etc/cloud/templates/ntp.conf.alpine.tmpl|255|0.5528|0.0000|0.0000
/etc/cloud/templates/chrony.conf.opensuse-leap.tmpl|1090|0.5965|0.0000|0.0000
/etc/cloud/templates/chrony.conf.debian.tmpl|1209|0.5865|0.0000|0.0000
/etc/cloud/templates/chrony.conf.opensuse-tumbleweed.tmpl|1090|0.5965|0.0000|0.0000
/etc/cloud/templates/chrony.conf.ubuntu.tmpl|1378|0.5994|0.0000|0.0000
/etc/cloud/templates/ntp.conf.opensuse.tmpl|2807|0.6033|0.0000|0.0000
/etc/cloud/templates/timesyncd.conf.tmpl|203|0.5880|0.0000|0.0000
/etc/cloud/templates/chrony.conf.rocky.tmpl|1280|0.5950|0.0000|0.0000
/etc/groff/man.local|1048|0.5982|0.0000|0.0000
/etc/groff/mdoc.local|1042|0.5980|0.0000|0.0000
/etc/grub.d/00_header|10627|0.6598|0.1000|0.0000
/etc/grub.d/05_debian_theme|6258|0.6730|0.1000|0.0000
/etc/grub.d/30_os-prober|12059|0.6537|0.1000|0.0000
/etc/grub.d/10_linux|18224|0.6759|0.1000|0.0000
/etc/grub.d/README|483|0.5784|0.0000|0.0000
/etc/grub.d/40_custom|214|0.5558|0.1000|0.0000
/etc/grub.d/30_uefi-firmware|1424|0.6744|0.1000|0.0000
/etc/grub.d/01_track_initrdless_boot_fallback|638|0.5948|0.1000|0.0000
/etc/grub.d/41_custom|216|0.6097|0.1000|0.0000
/etc/grub.d/10_linux_zfs|42359|0.6172|0.1000|0.0000
/etc/grub.d/20_linux_xen|13101|0.6810|0.1000|0.0000
/etc/sysctl.conf|2351|0.5919|0.0000|0.0000
/etc/hosts.allow|411|0.5750|0.0000|0.0000
/etc/apport/crashdb.conf|1216|0.5748|0.0000|0.0000
/etc/apport/blacklist.d/README.blacklist|217|0.5434|0.0000|0.0000
/etc/apport/blacklist.d/apport|24|0.4780|0.0000|0.0000
/etc/protocols|2932|0.6599|0.0000|0.0000
/etc/subgid-|47|0.4931|0.0000|0.0000
/etc/mke2fs.conf|808|0.6113|0.0000|0.0000
/etc/rsyslog.d/90-google.conf|200|0.5509|0.0000|0.0000
/etc/rsyslog.d/20-ufw.conf|314|0.5649|0.0000|0.0000
/etc/rsyslog.d/50-default.conf|1124|0.6066|0.0000|0.0000
/etc/rsyslog.d/21-cloudinit.conf|255|0.5906|0.0000|0.0000
/etc/vmware-tools/resume-vm-default|4364|0.6108|0.1000|0.0000
/etc/vmware-tools/tools.conf.example|13901|0.6049|0.0000|0.0000
/etc/vmware-tools/suspend-vm-default|4364|0.6108|0.1000|0.0000
/etc/vmware-tools/vgauth/schemas/catalog.xml|473|0.6532|0.0000|0.0000
/etc/vmware-tools/vgauth/schemas/datatypes.dtd|6356|0.6122|0.0000|0.0000
/etc/vmware-tools/vgauth/schemas/XMLSchema.xsd|86435|0.6208|0.0000|0.0000
/etc/vmware-tools/vgauth/schemas/XMLSchema-instance.xsd|1215|0.6385|0.0000|0.0000
/etc/vmware-tools/vgauth/schemas/XMLSchema-hasFacetAndProperty.xsd|5783|0.5971|0.0000|0.0000
/etc/vmware-tools/vgauth/schemas/XMLSchema.dtd|16072|0.5984|0.0000|0.0000
/etc/vmware-tools/vgauth/schemas/xenc-schema.xsd|5146|0.6162|0.0000|0.0000
/etc/vmware-tools/vgauth/schemas/xml.xsd|8768|0.5873|0.0000|0.0000
/etc/vmware-tools/vgauth/schemas/saml-schema-assertion-2.0.xsd|13160|0.5824|0.0000|0.0000
/etc/vmware-tools/vgauth/schemas/xmldsig-core-schema.xsd|10144|0.6366|0.0000|0.0000
/etc/vmware-tools/scripts/vmware/network|15148|0.5931|0.1000|0.0000
/etc/vmware-tools/statechange.subr|1478|0.5903|0.1000|0.0000
/etc/vmware-tools/tools.conf|479|0.5860|0.0000|0.0000
/etc/vmware-tools/poweroff-vm-default|4364|0.6108|0.1000|0.0000
/etc/vmware-tools/vgauth.conf|113|0.5624|0.0000|0.0000
/etc/vmware-tools/poweron-vm-default|4364|0.6108|0.1000|0.0000
/etc/manpath.config|5215|0.6338|0.0000|0.0000
/etc/chrony/chrony.conf|1111|0.5904|0.0000|0.0000
/etc/chrony/chrony.conf.dist|1768|0.5948|0.0000|0.0000
/etc/ethertypes|1816|0.6789|0.0000|0.0000
/etc/update-manager/meta-release|235|0.6438|0.0000|0.0000
/etc/update-manager/release-upgrades.d/ubuntu-advantage-upgrades.cfg|268|0.5864|0.0000|0.0000
/etc/update-manager/release-upgrades|819|0.5297|0.0000|0.0000
/etc/pm/sleep.d/10_grub-common|210|0.5868|0.1000|0.0000
/etc/pm/sleep.d/10_unattended-upgrades-hibernate|672|0.6096|0.1000|0.0000
/etc/fuse.conf|280|0.5806|0.0000|0.0000
/etc/apt/sources.list.d/google_osconfig_managed.list|45|0.5121|0.0000|0.0000
/etc/apt/sources.list.d/osconfig_managed_7be02a7e96.list|123|0.5665|0.0000|0.0000
/etc/apt/trusted.gpg.d/osconfig_added_a22e1a7885381e4005b61884a5205892c39d15f5c262555e38b4fe5402ca8895.gpg|695|0.9464|0.0000|0.0000
/etc/apt/trusted.gpg.d/ubuntu-keyring-2012-archive.gpg|2796|0.9914|0.0000|0.0000
/etc/apt/trusted.gpg.d/ubuntu-keyring-2018-archive.gpg|1733|0.9818|0.0000|0.0000
/etc/apt/trusted.gpg.d/ubuntu-keyring-2012-cdimage.gpg|2794|0.9902|0.0000|0.0000
/etc/apt/apt.conf.d/20packagekit|1040|0.6289|0.0000|0.0000
/etc/apt/apt.conf.d/10periodic|129|0.5857|0.0000|0.0000
/etc/apt/apt.conf.d/70debconf|182|0.5973|0.0000|0.0000
/etc/apt/apt.conf.d/15update-stamp|108|0.6015|0.0000|0.0000
/etc/apt/apt.conf.d/99ipv4-only|49|0.5418|0.0000|0.0000
/etc/apt/apt.conf.d/99update-notifier|305|0.6012|0.0000|0.0000
/etc/apt/apt.conf.d/50unattended-upgrades|5459|0.6108|0.0000|0.0000
/etc/apt/apt.conf.d/01-vendor-ubuntu|92|0.5703|0.0000|0.0000
/etc/apt/apt.conf.d/20archive|85|0.5472|0.0000|0.0000
/etc/apt/apt.conf.d/50command-not-found|625|0.6543|0.0000|0.0000
/etc/apt/apt.conf.d/20auto-upgrades|80|0.5543|0.0000|0.0000
/etc/apt/apt.conf.d/01autoremove|630|0.6265|0.0000|0.0000
/etc/apt/apt.conf.d/20apt-esm-hook.conf|370|0.6337|0.0000|0.0000
/etc/apt/apt.conf.d/11periodic|115|0.6151|0.0000|0.0000
/etc/apt/apt.conf.d/20snapd.conf|127|0.5910|0.0000|0.0000
/etc/apt/apt.conf.d/01autoremove-gce|180|0.5593|0.0000|0.0000
/etc/apt/preferences.d/ubuntu-pro-esm-infra|429|0.5736|0.0000|0.0000
/etc/apt/preferences.d/ubuntu-pro-esm-apps|437|0.5770|0.0000|0.0000
/etc/apt/sources.list|3414|0.5859|0.0000|0.0000
/etc/passwd-|1963|0.5962|0.0000|0.0000
/etc/ld.so.cache|25939|0.3183|0.0000|0.0000
/etc/lsb-release|104|0.5940|0.0000|0.0000
/etc/mailcap|3623|0.5994|0.0000|0.0000
/etc/terminfo/README|212|0.5626|0.0000|0.0000
/etc/logrotate.d/cloud-init|144|0.5146|0.0000|0.0000
/etc/logrotate.d/rsyslog|501|0.5492|0.0000|0.0000
/etc/logrotate.d/alternatives|120|0.5605|0.0000|0.0000
/etc/logrotate.d/ufw|178|0.5853|0.0000|0.0000
/etc/logrotate.d/bootlog|91|0.5152|0.0000|0.0000
/etc/logrotate.d/ubuntu-pro-client|270|0.5485|0.0000|0.0000
/etc/logrotate.d/apport|126|0.4649|0.0000|0.0000
/etc/logrotate.d/unattended-upgrades|235|0.5473|0.0000|0.0000
/etc/logrotate.d/chrony|160|0.5383|0.0000|0.0000
/etc/logrotate.d/apt|173|0.5376|0.0000|0.0000
/etc/logrotate.d/btmp|130|0.5325|0.0000|0.0000
/etc/logrotate.d/dpkg|112|0.5663|0.0000|0.0000
/etc/logrotate.d/nginx|329|0.5913|0.0000|0.0000
/etc/logrotate.d/wtmp|145|0.5338|0.0000|0.0000
/etc/python3.8/sitecustomize.py|155|0.5395|0.0000|0.0000
/etc/polkit-1/localauthority.conf.d/50-localauthority.conf|267|0.6079|0.0000|0.0000
/etc/polkit-1/localauthority.conf.d/51-ubuntu-admin.conf|65|0.5393|0.0000|0.0000
/etc/adduser.conf|3028|0.6452|0.0000|0.0000
/etc/overlayroot.local.conf|112|0.6277|0.0000|0.0000
/etc/initramfs-tools/initramfs.conf|1807|0.6342|0.0000|0.0000
/etc/initramfs-tools/update-initramfs.conf|378|0.5612|0.0000|0.0000
/etc/initramfs-tools/modules|246|0.5739|0.0000|0.0000
/etc/dpkg/dpkg.cfg.d/excludes|98|0.5419|0.0000|0.0000
/etc/dpkg/shlibs.override|253|0.5687|0.0000|0.0000
/etc/dpkg/origins/ubuntu|114|0.5840|0.0000|0.0000
/etc/dpkg/origins/debian|82|0.5655|0.0000|0.0000
/etc/dpkg/dpkg.cfg|446|0.5673|0.0000|0.0000
/etc/dpkg/shlibs.default|260|0.5591|0.0000|0.0000
/etc/tmpfiles.d/screen-cleanup.conf|119|0.5587|0.0000|0.0000
/etc/hosts.deny|711|0.5777|0.0000|0.0000
/etc/xdg/user-dirs.defaults|418|0.6303|0.0000|0.0000
/etc/xdg/autostart/snap-userd-autostart.desktop|228|0.5695|0.0000|0.0000
/etc/xdg/autostart/xdg-user-dirs.desktop|250|0.6010|0.0000|0.0000
/etc/xdg/user-dirs.conf|414|0.6025|0.0000|0.0000
/etc/magic.mime|111|0.5475|0.0000|0.0000
/etc/sysctl.d/60-gce-network-security.conf|2076|0.6148|0.0000|0.0000
/etc/sysctl.d/99-cloudimg-ipv6.conf|185|0.6055|0.0000|0.0000
/etc/sysctl.d/10-link-restrictions.conf|257|0.5654|0.0000|0.0000
/etc/sysctl.d/10-network-security.conf|158|0.5606|0.0000|0.0000
/etc/sysctl.d/10-zeropage.conf|506|0.5681|0.0000|0.0000
/etc/sysctl.d/10-ipv6-privacy.conf|490|0.5905|0.0000|0.0000
/etc/sysctl.d/README.sysctl|792|0.5628|0.0000|0.0000
/etc/sysctl.d/10-console-messages.conf|77|0.5286|0.0000|0.0000
/etc/sysctl.d/10-kernel-hardening.conf|726|0.5524|0.0000|0.0000
/etc/sysctl.d/10-ptrace.conf|1292|0.6029|0.0000|0.0000
/etc/sysctl.d/10-magic-sysrq.conf|1184|0.5573|0.0000|0.0000
/etc/google-cloud-ops-agent/config.yaml|739|0.6125|0.0000|0.0000
/etc/services|14464|0.6430|0.0000|0.0000
/etc/cron.daily/.placeholder|102|0.5639|0.2000|0.0000
/etc/cron.daily/update-notifier-common|214|0.5694|0.1000|0.0000
/etc/cron.daily/apt-compat|1478|0.5935|0.1000|0.0000
/etc/cron.daily/popularity-contest|4574|0.6504|0.1000|0.0000
/etc/cron.daily/man-db|1123|0.5994|0.1000|0.0000
/etc/cron.daily/apport|376|0.6022|0.1000|0.0000
/etc/cron.daily/logrotate|377|0.6193|0.1000|0.0000
/etc/cron.daily/dpkg|1187|0.5645|0.1000|0.0000
/etc/cron.daily/bsdmainutils|355|0.6092|0.1000|0.0000
/etc/ssl/certs/ca-certificates.crt|219342|0.7436|0.0000|0.0000
/etc/ssl/openssl.cnf|10909|0.6262|0.0000|0.0000
/etc/host.conf|92|0.5226|0.0000|0.0000
/etc/perl/Net/libnet.cfg|611|0.6146|0.0000|0.0000
/etc/issue.net|19|0.4784|0.0000|0.0000
/etc/ca-certificates.conf.dpkg-old|5713|0.6181|0.0000|0.0000
/etc/bindresvport.blacklist|367|0.5997|0.0000|0.0000
/etc/google_instance_id|20|0.3730|0.0000|0.0000
/etc/ca-certificates.conf|8023|0.6219|0.0000|0.0000
/etc/logcheck/ignore.d.server/rsyslog|656|0.6473|0.0000|0.0000
/etc/logcheck/ignore.d.server/gpg-agent|1347|0.6180|0.0000|0.0000
/etc/logcheck/ignore.d.server/mdadm|3426|0.6392|0.0000|0.0000
/etc/logcheck/ignore.d.server/libsasl2-modules|79|0.6047|0.0000|0.0000
/etc/logcheck/violations.d/mdadm|411|0.6130|0.0000|0.0000
/etc/group-|1221|0.5815|0.0000|0.0000
/etc/profile|581|0.5845|0.1000|0.0000
/etc/hostname|29|0.4940|0.0000|0.0000
/etc/nginx/scgi_params|636|0.5785|0.0000|0.0000
/etc/nginx/win-utf|3071|0.6147|0.0000|0.0000
/etc/nginx/sites-available/default|2416|0.6213|0.0000|0.0000
/etc/nginx/nginx.conf|1490|0.6358|0.0000|0.0000
/etc/nginx/uwsgi_params|664|0.5918|0.0000|0.0000
/etc/nginx/fastcgi_params|1007|0.6141|0.0000|0.0000
/etc/nginx/proxy_params|180|0.5405|0.0000|0.0000
/etc/nginx/koi-utf|2837|0.5212|0.0000|0.0000
/etc/nginx/fastcgi.conf|1077|0.6153|0.0000|0.0000
/etc/nginx/koi-win|2223|0.5036|0.0000|0.0000
/etc/nginx/snippets/fastcgi-php.conf|423|0.6027|0.0000|0.0000
/etc/nginx/snippets/snakeoil.conf|217|0.5540|0.0000|0.0000
/etc/nginx/mime.types|3957|0.4299|0.0000|0.0000
/etc/cron.weekly/.placeholder|102|0.5639|0.2000|0.0000
/etc/cron.weekly/update-notifier-common|403|0.5742|0.1000|0.0000
/etc/cron.weekly/man-db|813|0.6000|0.1000|0.0000
/etc/popularity-contest.conf|0|0.0000|0.0000|0.0000
/etc/locale.alias|2996|0.6609|0.0000|0.0000
/etc/ec2_version|33|0.5472|0.0000|0.0000
/etc/networks|91|0.5694|0.0000|0.0000
/etc/passwd|2014|0.5964|0.0000|0.0000
/etc/init.d/open-vm-tools|1846|0.6067|0.1000|0.0000
/etc/init.d/cryptdisks-early|896|0.6442|0.1000|0.0000
/etc/init.d/ssh|3939|0.6317|0.1000|0.0000
/etc/init.d/rsyslog|2864|0.6591|0.1000|0.0000
/etc/init.d/plymouth|1366|0.6626|0.1000|0.0000
/etc/init.d/plymouth-log|752|0.6594|0.1000|0.0000
/etc/init.d/keyboard-setup.sh|1479|0.5313|0.1000|0.0000
/etc/init.d/atd|1071|0.6296|0.1000|0.0000
/etc/init.d/apparmor|3740|0.6555|0.1000|0.0000
/etc/init.d/cron|3059|0.6124|0.1000|0.0000
/etc/init.d/procps|924|0.6559|0.1000|0.0000
/etc/init.d/dbus|3152|0.6385|0.1000|0.0000
/etc/init.d/ufw|2083|0.5860|0.1000|0.0000
/etc/init.d/udev|6872|0.6203|0.1000|0.0000
/etc/init.d/uuidd|1306|0.6483|0.1000|0.0000
/etc/init.d/screen-cleanup|1222|0.6224|0.1000|0.0000
/etc/init.d/hwclock.sh|3809|0.6425|0.1000|0.0000
/etc/init.d/apport|2915|0.6516|0.1000|0.0000
/etc/init.d/unattended-upgrades|1391|0.6645|0.1000|0.0000
/etc/init.d/cryptdisks|937|0.6445|0.1000|0.0000
/etc/init.d/chrony|2054|0.6281|0.1000|0.0000
/etc/init.d/lvm2-lvmpolld|586|0.6628|0.1000|0.0000
/etc/init.d/lvm2|695|0.6490|0.1000|0.0000
/etc/init.d/rsync|4417|0.6533|0.1000|0.0000
/etc/init.d/console-setup.sh|1232|0.5321|0.1000|0.0000
/etc/init.d/nginx|4579|0.6515|0.1000|0.0000
/etc/init.d/open-iscsi|2503|0.6379|0.1000|0.0000
/etc/init.d/iscsid|1503|0.6186|0.1000|0.0000
/etc/init.d/kmod|2044|0.6095|0.1000|0.0000
/etc/init.d/grub-common|985|0.6183|0.1000|0.0000
/etc/mime.types|24546|0.5776|0.0000|0.0000
/etc/ld.so.conf.d/fakeroot-x86_64-linux-gnu.conf|38|0.5367|0.0000|0.0000
/etc/ld.so.conf.d/libc.conf|44|0.5116|0.0000|0.0000
/etc/ld.so.conf.d/x86_64-linux-gnu.conf|100|0.5449|0.0000|0.0000
/etc/magic|111|0.5475|0.0000|0.0000
/etc/iproute2/nl_protos|262|0.5563|0.0000|0.0000
/etc/iproute2/rt_protos.d/README|144|0.5275|0.0000|0.0000
/etc/iproute2/rt_scopes|92|0.5527|0.0000|0.0000
/etc/iproute2/rt_tables|87|0.5556|0.0000|0.0000
/etc/iproute2/group|31|0.5356|0.0000|0.0000
/etc/iproute2/rt_dsfield|331|0.6080|0.0000|0.0000
/etc/iproute2/rt_realms|112|0.5496|0.0000|0.0000
/etc/iproute2/ematch_map|81|0.5743|0.0000|0.0000
/etc/iproute2/rt_tables.d/README|144|0.5307|0.0000|0.0000
/etc/iproute2/rt_protos|201|0.5846|0.0000|0.0000
/etc/iproute2/bpf_pinning|85|0.5494|0.0000|0.0000
/etc/modules|195|0.5352|0.0000|0.0000
/etc/update-motd.d/98-fsck-at-reboot|142|0.5568|0.1000|0.0000
/etc/update-motd.d/95-hwe-eol|129|0.5568|0.1000|0.0000
/etc/update-motd.d/10-help-text|1151|0.6171|0.1000|0.0000
/etc/update-motd.d/50-motd-news|5023|0.6502|0.1000|0.0000
/etc/update-motd.d/92-unattended-upgrades|165|0.5303|0.1000|0.0000
/etc/update-motd.d/91-contract-ua-esm-status|296|0.5499|0.1000|0.0000
/etc/update-motd.d/97-overlayroot|111|0.5675|0.1000|0.0000
/etc/update-motd.d/00-header|1220|0.6422|0.1000|0.0000
/etc/update-motd.d/98-reboot-required|144|0.5479|0.1000|0.0000
/etc/update-motd.d/91-release-upgrade|374|0.5754|0.1000|0.0000
/etc/update-motd.d/90-updates-available|218|0.5987|0.1000|0.0000
/etc/skel/.profile|807|0.6148|0.2000|0.0000
/etc/skel/.bashrc|3771|0.6375|0.3000|0.0000
/etc/skel/.bash_logout|220|0.5919|0.2000|0.0000
/etc/environment|106|0.4983|0.0000|0.0000
/etc/newt/palette.original|0|0.0000|0.0000|0.0000
/etc/newt/palette.ubuntu|160|0.5060|0.0000|0.0000
/etc/apparmor.d/abi/2.13|1976|0.5794|0.0000|0.0000
/etc/apparmor.d/usr.bin.man|3202|0.5898|0.0000|0.0000
/etc/apparmor.d/usr.sbin.chronyd|1881|0.6135|0.0000|0.0000
/etc/apparmor.d/ubuntu_pro_apt_news|1724|0.6156|0.0000|0.0000
/etc/apparmor.d/usr.sbin.tcpdump|1674|0.6387|0.0000|0.0000
/etc/apparmor.d/usr.sbin.rsyslogd|1575|0.5954|0.0000|0.0000
/etc/apparmor.d/tunables/xdg-user-dirs.d/site.local|730|0.6330|0.0000|0.0000
/etc/apparmor.d/tunables/home|983|0.5941|0.0000|0.0000
/etc/apparmor.d/tunables/xdg-user-dirs|868|0.6358|0.0000|0.0000
/etc/apparmor.d/tunables/kernelvars|1391|0.6034|0.0000|0.0000
/etc/apparmor.d/tunables/securityfs|405|0.5671|0.0000|0.0000
/etc/apparmor.d/tunables/dovecot|804|0.6034|0.0000|0.0000
/etc/apparmor.d/tunables/home.d/ubuntu|337|0.5852|0.0000|0.0000
/etc/apparmor.d/tunables/home.d/site.local|634|0.5629|0.0000|0.0000
/etc/apparmor.d/tunables/alias|624|0.5465|0.0000|0.0000
/etc/apparmor.d/tunables/multiarch|631|0.5580|0.0000|0.0000
/etc/apparmor.d/tunables/multiarch.d/site.local|645|0.5570|0.0000|0.0000
/etc/apparmor.d/tunables/share|819|0.6096|0.0000|0.0000
/etc/apparmor.d/tunables/apparmorfs|376|0.5711|0.0000|0.0000
/etc/apparmor.d/tunables/sys|378|0.5702|0.0000|0.0000
/etc/apparmor.d/tunables/proc|440|0.5262|0.0000|0.0000
/etc/apparmor.d/tunables/global|720|0.5687|0.0000|0.0000
/etc/apparmor.d/abstractions/php5|105|0.5607|0.0000|0.0000
/etc/apparmor.d/abstractions/qt5-compose-cache-write|278|0.6590|0.0000|0.0000
/etc/apparmor.d/abstractions/enchant|2007|0.4993|0.0000|0.0000
/etc/apparmor.d/abstractions/ubuntu-unity7-base|2445|0.5772|0.0000|0.0000
/etc/apparmor.d/abstractions/dri-common|434|0.5262|0.0000|0.0000
/etc/apparmor.d/abstractions/private-files-strict|1045|0.6253|0.0000|0.0000
/etc/apparmor.d/abstractions/fonts|2088|0.5610|0.0000|0.0000
/etc/apparmor.d/abstractions/ubuntu-konsole|343|0.6001|0.0000|0.0000
/etc/apparmor.d/abstractions/ubuntu-browsers|1667|0.5920|0.0000|0.0000
/etc/apparmor.d/abstractions/kde-icon-cache-write|138|0.6002|0.0000|0.0000
/etc/apparmor.d/abstractions/recent-documents-write|346|0.6225|0.0000|0.0000
/etc/apparmor.d/abstractions/user-download|876|0.6352|0.0000|0.0000
/etc/apparmor.d/abstractions/nvidia|649|0.6309|0.0000|0.0000
/etc/apparmor.d/abstractions/likewise|489|0.5302|0.0000|0.0000
/etc/apparmor.d/abstractions/qt5-settings-write|398|0.6471|0.0000|0.0000
/etc/apparmor.d/abstractions/svn-repositories|1646|0.5670|0.0000|0.0000
/etc/apparmor.d/abstractions/smbpass|476|0.5337|0.0000|0.0000
/etc/apparmor.d/abstractions/opencl-pocl|2811|0.6244|0.0000|0.0000
/etc/apparmor.d/abstractions/bash|1512|0.5211|0.0000|0.0000
/etc/apparmor.d/abstractions/dbus-session-strict|919|0.5856|0.0000|0.0000
/etc/apparmor.d/abstractions/dbus-session|638|0.5442|0.0000|0.0000
/etc/apparmor.d/abstractions/dbus-accessibility|630|0.5415|0.0000|0.0000
/etc/apparmor.d/abstractions/ssl_certs|1287|0.5698|0.0000|0.0000
/etc/apparmor.d/abstractions/ubuntu-console-email|601|0.5805|0.0000|0.0000
/etc/apparmor.d/abstractions/wayland|580|0.5540|0.0000|0.0000
/etc/apparmor.d/abstractions/apache2-common|849|0.5685|0.0000|0.0000
/etc/apparmor.d/abstractions/mdns|457|0.5265|0.0000|0.0000
/etc/apparmor.d/abstractions/python|1538|0.6197|0.0000|0.0000
/etc/apparmor.d/abstractions/kerberosclient|1169|0.5829|0.0000|0.0000
/etc/apparmor.d/abstractions/winbind|739|0.5711|0.0000|0.0000
/etc/apparmor.d/abstractions/openssl|470|0.5334|0.0000|0.0000
/etc/apparmor.d/abstractions/dbus|593|0.5421|0.0000|0.0000
/etc/apparmor.d/abstractions/qt5|762|0.6331|0.0000|0.0000
/etc/apparmor.d/abstractions/audio|1862|0.6127|0.0000|0.0000
/etc/apparmor.d/abstractions/private-files|1549|0.6223|0.0000|0.0000
/etc/apparmor.d/abstractions/vulkan|503|0.6253|0.0000|0.0000
/etc/apparmor.d/abstractions/dovecot-common|562|0.5447|0.0000|0.0000
/etc/apparmor.d/abstractions/aspell|308|0.5577|0.0000|0.0000
/etc/apparmor.d/abstractions/mysql|641|0.5773|0.0000|0.0000
/etc/apparmor.d/abstractions/opencl|269|0.5629|0.0000|0.0000
/etc/apparmor.d/abstractions/opencl-intel|564|0.6114|0.0000|0.0000
/etc/apparmor.d/abstractions/ldapclient|754|0.5613|0.0000|0.0000
/etc/apparmor.d/abstractions/ubuntu-gnome-terminal|182|0.5643|0.0000|0.0000
/etc/apparmor.d/abstractions/ubuntu-console-browsers|611|0.5863|0.0000|0.0000
/etc/apparmor.d/abstractions/kde-globals-write|298|0.6445|0.0000|0.0000
/etc/apparmor.d/abstractions/user-manpages|889|0.5486|0.0000|0.0000
/etc/apparmor.d/abstractions/dbus-strict|677|0.5787|0.0000|0.0000
/etc/apparmor.d/abstractions/video|127|0.5702|0.0000|0.0000
/etc/apparmor.d/abstractions/ubuntu-bittorrent-clients|698|0.5867|0.0000|0.0000
/etc/apparmor.d/abstractions/ubuntu-unity7-launcher|191|0.5545|0.0000|0.0000
/etc/apparmor.d/abstractions/consoles|798|0.5541|0.0000|0.0000
/etc/apparmor.d/abstractions/gnupg|356|0.5939|0.0000|0.0000
/etc/apparmor.d/abstractions/ibus|1027|0.6094|0.0000|0.0000
/etc/apparmor.d/abstractions/libpam-systemd|659|0.5613|0.0000|0.0000
/etc/apparmor.d/abstractions/xad|883|0.5758|0.0000|0.0000
/etc/apparmor.d/abstractions/ubuntu-media-players|2234|0.5844|0.0000|0.0000
/etc/apparmor.d/abstractions/mesa|577|0.6201|0.0000|0.0000
/etc/apparmor.d/abstractions/freedesktop.org|1291|0.5947|0.0000|0.0000
/etc/apparmor.d/abstractions/postfix-common|1196|0.5871|0.0000|0.0000
/etc/apparmor.d/abstractions/cups-client|714|0.5687|0.0000|0.0000
/etc/apparmor.d/abstractions/opencl-common|404|0.6185|0.0000|0.0000
/etc/apparmor.d/abstractions/ubuntu-xterm|237|0.5786|0.0000|0.0000
/etc/apparmor.d/abstractions/opencl-nvidia|785|0.6290|0.0000|0.0000
/etc/apparmor.d/abstractions/ubuntu-helpers|3398|0.5952|0.0000|0.0000
/etc/apparmor.d/abstractions/gnome|3626|0.5953|0.0000|0.0000
/etc/apparmor.d/abstractions/php|1041|0.6112|0.0000|0.0000
/etc/apparmor.d/abstractions/mir|593|0.5582|0.0000|0.0000
/etc/apparmor.d/abstractions/kde-language-write|458|0.6306|0.0000|0.0000
/etc/apparmor.d/abstractions/wutmp|585|0.5493|0.0000|0.0000
/etc/apparmor.d/abstractions/dbus-accessibility-strict|637|0.5681|0.0000|0.0000
/etc/apparmor.d/abstractions/nameservice|5080|0.6034|0.0000|0.0000
/etc/apparmor.d/abstractions/ruby|906|0.6201|0.0000|0.0000
/etc/apparmor.d/abstractions/dconf|246|0.5845|0.0000|0.0000
/etc/apparmor.d/abstractions/ubuntu-unity7-messaging|192|0.5431|0.0000|0.0000
/etc/apparmor.d/abstractions/nis|524|0.5314|0.0000|0.0000
/etc/apparmor.d/abstractions/mozc|471|0.5358|0.0000|0.0000
/etc/apparmor.d/abstractions/base|6544|0.5942|0.0000|0.0000
/etc/apparmor.d/abstractions/web-data|705|0.5774|0.0000|0.0000
/etc/apparmor.d/abstractions/user-tmp|654|0.5485|0.0000|0.0000
/etc/apparmor.d/abstractions/perl|872|0.5592|0.0000|0.0000
/etc/apparmor.d/abstractions/orbit2|93|0.5533|0.0000|0.0000
/etc/apparmor.d/abstractions/user-mail|837|0.5790|0.0000|0.0000
/etc/apparmor.d/abstractions/opencl-mesa|527|0.6128|0.0000|0.0000
/etc/apparmor.d/abstractions/fcitx|456|0.5235|0.0000|0.0000
/etc/apparmor.d/abstractions/fcitx-strict|712|0.5853|0.0000|0.0000
/etc/apparmor.d/abstractions/X|1766|0.5963|0.0000|0.0000
/etc/apparmor.d/abstractions/ubuntu-browsers.d/java|3887|0.6265|0.0000|0.0000
/etc/apparmor.d/abstractions/ubuntu-browsers.d/ubuntu-integration|1430|0.6060|0.0000|0.0000
/etc/apparmor.d/abstractions/ubuntu-browsers.d/ubuntu-integration-xul|168|0.6123|0.0000|0.0000
/etc/apparmor.d/abstractions/ubuntu-browsers.d/productivity|993|0.5935|0.0000|0.0000
/etc/apparmor.d/abstractions/ubuntu-browsers.d/multimedia|1862|0.6215|0.1000|0.0000
/etc/apparmor.d/abstractions/ubuntu-browsers.d/text-editors|654|0.6049|0.0000|0.0000
/etc/apparmor.d/abstractions/ubuntu-browsers.d/plugins-common|334|0.5827|0.0000|0.0000
/etc/apparmor.d/abstractions/ubuntu-browsers.d/user-files|862|0.6011|0.0000|0.0000
/etc/apparmor.d/abstractions/ubuntu-browsers.d/mailto|324|0.5649|0.0000|0.0000
/etc/apparmor.d/abstractions/ubuntu-browsers.d/kde|248|0.5857|0.0000|0.0000
/etc/apparmor.d/abstractions/ubuntu-feed-readers|339|0.5804|0.0000|0.0000
/etc/apparmor.d/abstractions/xdg-desktop|673|0.5736|0.0000|0.0000
/etc/apparmor.d/abstractions/ssl_keys|790|0.5632|0.0000|0.0000
/etc/apparmor.d/abstractions/dri-enumerate|281|0.6152|0.0000|0.0000
/etc/apparmor.d/abstractions/ubuntu-email|977|0.5926|0.0000|0.0000
/etc/apparmor.d/abstractions/user-write|864|0.6003|0.0000|0.0000
/etc/apparmor.d/abstractions/p11-kit|899|0.5839|0.0000|0.0000
/etc/apparmor.d/abstractions/apparmor_api/examine|476|0.5816|0.0000|0.0000
/etc/apparmor.d/abstractions/apparmor_api/change_profile|393|0.5805|0.0000|0.0000
/etc/apparmor.d/abstractions/apparmor_api/find_mountpoint|502|0.5799|0.0000|0.0000
/etc/apparmor.d/abstractions/apparmor_api/introspect|475|0.5810|0.0000|0.0000
/etc/apparmor.d/abstractions/apparmor_api/is_enabled|594|0.5821|0.0000|0.0000
/etc/apparmor.d/abstractions/authentication|1586|0.5790|0.0000|0.0000
/etc/apparmor.d/abstractions/kde|2775|0.6448|0.0000|0.0000
/etc/apparmor.d/abstractions/samba|830|0.5740|0.0000|0.0000
/etc/apparmor.d/sbin.dhclient|3500|0.6105|0.0000|0.0000
/etc/apparmor.d/usr.lib.snapd.snap-confine.real|31789|0.6199|0.0000|0.0000
/etc/apparmor.d/ubuntu_pro_esm_cache|6853|0.6141|0.0000|0.0000
/etc/apparmor.d/lsb_release|1313|0.5923|0.0000|0.0000
/etc/apparmor.d/local/usr.bin.man|0|0.0000|0.0000|0.0000
/etc/apparmor.d/local/usr.sbin.chronyd|0|0.0000|0.0000|0.0000
/etc/apparmor.d/local/ubuntu_pro_apt_news|0|0.0000|0.0000|0.0000
/etc/apparmor.d/local/usr.sbin.tcpdump|0|0.0000|0.0000|0.0000
/etc/apparmor.d/local/README|1111|0.5612|0.0000|0.0000
/etc/apparmor.d/local/usr.sbin.rsyslogd|0|0.0000|0.0000|0.0000
/etc/apparmor.d/local/sbin.dhclient|0|0.0000|0.0000|0.0000
/etc/apparmor.d/local/usr.lib.snapd.snap-confine.real|0|0.0000|0.0000|0.0000
/etc/apparmor.d/local/ubuntu_pro_esm_cache|0|0.0000|0.0000|0.0000
/etc/apparmor.d/local/lsb_release|0|0.0000|0.0000|0.0000
/etc/apparmor.d/local/nvidia_modprobe|0|0.0000|0.0000|0.0000
/etc/apparmor.d/nvidia_modprobe|1108|0.6004|0.0000|0.0000
/etc/byobu/backend|224|0.6220|0.0000|0.0000
/etc/byobu/socketdir|456|0.5756|0.0000|0.0000
/etc/timezone|8|0.3750|0.0000|0.0000
/etc/gai.conf|2584|0.5851|0.0000|0.0000